Record Document Number,WR Doc ID,Certificate Number,Conservancy Board Number,Court Claim Number,Person or Organization,Status,Phase,Stage,Priority Date Claim First Use,Purpose of Use,Number of Connections,Qi,Units of Measure,Qa,Irrigated Acres,WRIA,Region,County,TRS,QQ,Q,Number of Device Types,First Device Type Listed,Number of Sources,First Source Name Listed
CG1-*00443,6556031,00789,,,CMF Properties Management LLC,Inactive,Change-ROE,Final,03/24/2015,"Irrigation,Irrigation",,160.0000,GPM,47.5000,67.6000,1,NWRO,Whatcom,T40.0N/R02.0E/23,NE,SE,9,Well,9,Groundwater
CG1-*00929,6556401,00866,,,CMF Properties Management LLC,Inactive,Change-ROE,Final,03/24/2015,"Irrigation,Irrigation",,160.0000,GPM,40.0000,56.9000,1,NWRO,Whatcom,T40.0N/R02.0E/23,NW,NE,17,Well,17,Groundwater
CG1-*01798C,6798860,02831,,,"Lakeland Farms Llc,  ",ChangeInProgress,Change-ROE,CC,02/10/2016,"Irrigation,Irrigation",,120.0000,GPM,50.1000,380.3000,1,NWRO,Whatcom,T40.0N/R02.0E/27,SW,SW,6,Well,6,Groundwater
CG1-*02351C@1,5600885,01300,,,Enfield Farms Inc,Active,Change-ROE,PA Exam,01/07/2013,"Irrigation,Commercial and Industrial",,320.0000,GPM,102.7000,,1,NWRO,Whatcom,T40.0N/R02.0E/22,SW,SE,18,Well,18,Groundwater
CG1-*02369A@4,4267537,02369,,,Port Of Seattle,ChangeInProgress,Change-ROE,PA Notice,04/03/2006,"Stream Augmentation,Mitigation",,53.9000,GPM,22.9000,,9,NWRO,King,T22.0N/R04.0E/04,SW,SE,1,Well,1,Groundwater
CG1-*02369A@5,6799966,02369,,,Port Of Seattle,Active,Change-ROE,CC,01/30/2017,"Domestic Multiple,Domestic Multiple,Domestic Multiple,Domestic Multiple,Stream Augmentation,Domestic Multiple",,350.0000,GPM,72.2000,0.0000,9,NWRO,King,T22.0N/R04.0E/04,SE,NW,2,Well,2,Groundwater
CG1-*03131CWRIS,6801574,01641,,,"EThree, LLC",Active,Change-ROE,PA Notice,08/06/2018,"Irrigation,Irrigation",,150.0000,GPM,59.9000,81.7000,1,NWRO,Whatcom,T41.0N/R04.0E/31,SW,SE,3,Well,3,Groundwater
CG1-*03242C,6798861,01977,,,"Lakeland Farms Llc,  ",ChangeInProgress,Change-ROE,CC,02/10/2016,"Irrigation,Irrigation",,150.0000,GPM,2.7000,380.3000,1,NWRO,Whatcom,T40.0N/R02.0E/27,SW,SW,6,Well,6,Groundwater
CG1-*05151C,6555935,03960,,,CMF Properties Management LLC,Inactive,Change-ROE,Final,03/24/2015,"Irrigation,Irrigation",,175.0000,GPM,84.0000,119.8000,1,NWRO,Whatcom,T40.0N/R02.0E/23,NW,NE,17,Well,17,Groundwater
CG1-*05625CWRIS,6801573,04068,,,"EThree, LLC",Active,Change-ROE,PA Notice,08/06/2018,"Irrigation,Irrigation",,264.0000,GPM,41.0000,81.7000,1,NWRO,Whatcom,T41.0N/R04.0E/31,SW,SE,3,Well,3,Groundwater
CG1-*06775,6803130,05608,,,Bay View Beach Water Dist,Active,Change-ROE,ROE-ROD,03/27/1991,Domestic Multiple,113,200.0000,GPM,86.0000,,6,NWRO,Island,T29.0N/R02.0E/23,NW,SE,2,Well,2,Groundwater
CG1-*08893C@1,4680425,06480,,,Hillcrest Village Water Co,Active,Change-ROE,PA Notice,05/03/1995,Domestic Multiple,300,110.0000,GPM,194.0000,,6,NWRO,Island,T33.0N/R01.0E/33,SW,SE,1,Well,1,Groundwater
CG1-*10817C,6556224,07298,,,CMF Properties Management LLC,Inactive,Change-ROE,Final,03/24/2015,"Irrigation,Irrigation",,150.0000,GPM,46.7000,66.5000,1,NWRO,Whatcom,T40.0N/R02.0E/23,NW,NE,17,Well,17,Groundwater
CG1-*11317C,6506656,07613,,,Uptrail Group LLC,Active,Change-ROE,PA Notice,03/02/2015,Irrigation,,220.0000,GPM,45.9000,121.0000,1,NWRO,Whatcom,T40.0N/R03.0E/33,SE,NW,5,Well,5,Groundwater
CG1-004221CL,5802797,,,,A & A Enfield LLC,Active,Change-ROE,PA Exam,06/28/2013,Irrigation,,350.0000,GPM,125.2000,222.0000,1,NWRO,Whatcom,T40.0N/R03.0E/02,SW,NW,7,Well,7,Groundwater
CG1-022169CL,5441966,,,,MJD Farms LLC/Mike Douma,Active,Change-ROE,PA Notice,09/21/2012,Irrigation,,10.0000,GPM,0.9200,,1,NWRO,Whatcom,T40.0N/R02.0E/21,SW,NE,15,Well,15,Groundwater
CG1-060050CL,6555980,,,,CMF Properties Management LLC,Inactive,Change-ROE,Final,03/24/2015,"Irrigation,Irrigation",,120.0000,GPM,5.5000,7.8000,1,NWRO,Whatcom,T40.0N/R02.0E/23,NW,NE,17,Well,17,Groundwater
CG1-143746CL,6806118,,,,"Maberry, Marty ",Active,Change Application,AppAccepted,05/06/2024,Irrigation,,170.0000,GPM,15.2500,452.0000,1,NWRO,Whatcom,T40.0N/R01.0E/24,SW,NE,1,Well,1,Groundwater
CG1-149586CL,6803759,,,,James Dairy,Active,Change Application,AppAccepted,06/28/2021,Irrigation,9,40.0000,GPM,18.3000,290.9000,1,NWRO,Whatcom,T40.0N/R02.0E/20,NE,SE,9,Well,9,Groundwater
CG1-20041,6805441,G1-20041   C,,,Camano City Community Club,Active,Change-ROE,ROE-ROD,08/18/2023,Municipal,164,99.0000,GPM,60.5000,,6,NWRO,Island,T31.0N/R02.0E/14,NE,SW,2,Well,2,Groundwater
CG1-20657CWRIS,4350891,G1-20657   C,,,San Juan Golf & Country Club,Active,Change-ROE,PA Exam,04/17/2007,"Commercial and Industrial,Domestic Single","2,1",15.0000,GPM,2.2500,,2,NWRO,San Juan,T35.0N/R03.0W/26,SE,NW,1,Well,1,Groundwater
CG1-20922C@1,5600934,G1-20922   C,,,Enfield Farms Inc,Active,Change-ROE,PA Exam,01/07/2013,"Irrigation,Irrigation",,100.0000,GPM,20.4000,19.2000,1,NWRO,Whatcom,T40.0N/R02.0E/22,NW,SW,19,Well,19,Groundwater
CG1-21213C@1,5566424,G1-21213   C,,,Enfield Farms Inc,Active,Change-ROE,PA Exam,01/07/2013,Irrigation,,180.0000,GPM,9.0000,,1,NWRO,Whatcom,T40.0N/R02.0E/22,SW,SE,19,Well,19,Groundwater
CG1-22077C,6556168,G1-22077   C,,,CMF Properties Management LLC,Inactive,Change-ROE,Final,03/24/2015,"Irrigation,Irrigation",,100.0000,GPM,38.5000,54.8000,1,NWRO,Whatcom,T40.0N/R02.0E/23,SE,SE,9,Well,9,Groundwater
CG1-22387C,5443590,G1-22387   C,,,Big Lake Water Association,Inactive,Change-ROE,Final,10/09/2012,"Instream Flow,Mitigation,Groundwater Preservation",,13.0000,GPM,10.0700,,3,NWRO,Skagit,T34.0N/R04.0E/25,SE,SW,1,Well,1,Groundwater
CG1-22388C,5443461,G1-22388   C,,,Big Lake Water Association,Inactive,Change-ROE,Final,10/09/2012,"Instream Flow,Mitigation,Groundwater Preservation",,14.0000,GPM,11.0700,,3,NWRO,Skagit,T34.0N/R04.0E/25,SE,SW,1,Well,1,Groundwater
CG1-22389C,5443449,G1-22389   C,,,Big Lake Water Association,Inactive,Change-ROE,Final,10/09/2012,"Instream Flow,Mitigation,Groundwater Preservation",,16.0000,GPM,12.4200,,3,NWRO,Skagit,T34.0N/R04.0E/25,SW,SW,1,Well,1,Groundwater
CG1-23272,2285582,,,,Preston Industrial Park Water Association (PIPWA),Inactive,Change-ROE,Final,05/16/1996,"Domestic Multiple,Commercial and Industrial,Fire Protection",,75.0000,GPM,67.0000,,8,NWRO,King,T24.0N/R07.0E/29,SE,SW,2,Well,2,Groundwater
CG1-23272,6802570,,,,Preston Industrial Park Water Association (PIPWA),Inactive,Change-ROE,Final,05/16/1996,"Commercial and Industrial,Fire Protection,Domestic Multiple",,75.0000,GPM,67.0000,,8,NWRO,King,T24.0N/R07.0E/29,SE,SW,2,Well,2,Groundwater
CG1-23272C(A),4307527,,,,Preston Industrial Park Water Association (PIPWA),Inactive,Change Application,Rejected,06/19/2002,"Domestic Multiple,Fire Protection,Commercial and Industrial",,75.0000,GPM,40.4000,,8,NWRO,King,T24.0N/R07.0E/29,SE,SW,3,Well,3,Groundwater
CG1-24001C,2272036,,,,Sunset West Water Association,Active,Change-ROE,PA Notice,02/17/1995,Domestic Multiple,46,29.0000,GPM,40.0000,,3,NWRO,Skagit,T34.0N/R01.0E/15,NW,NE,3,Well,3,Groundwater
CG1-24132C,6801770,G1-24132   C,,,Snoqualmie Pass Utility District,Active,Change-ROE,CC,12/17/2018,Municipal,1053,185.0000,GPM,112.0000,,7,NWRO,King,T22.0N/R11.0E/04,SE,NW,5,Well,5,Groundwater
CG1-24133C,6801771,G1-24133   C,,,Snoqualmie Pass Utility District,Active,Change-ROE,CC,12/17/2018,Municipal,1053,200.0000,GPM,112.0000,,7,NWRO,King,T22.0N/R11.0E/04,SE,NW,5,Well,5,Groundwater
CG1-24446C@2,6801772,G1-24446   C,,,Snoqualmie Pass Utility District,Active,Change-ROE,CC,12/17/2018,Municipal,1053,160.0000,GPM,56.0000,,7,NWRO,King,T22.0N/R11.0E/04,NE,NW,5,Well,5,Groundwater
CG1-24717C,2285880,,,,North Perry Avenue Water Dist,Active,Change-ROE,PA Notice,06/04/2001,Municipal,7765,500.0000,GPM,640.0000,,15,NWRO,Kitsap,T26.0N/R01.0E/26,NW,NE,5,Well,5,Groundwater
CG1-24813C,6798858,G1-24813   G,,,"Lakeland Farms Llc,  ",ChangeInProgress,Change-ROE,CC,02/10/2016,"Irrigation,Irrigation",,75.0000,GPM,3.6000,380.3000,1,NWRO,Whatcom,T40.0N/R02.0E/28,SW,SE,1,Well,1,Groundwater
CG1-24813C@1,6803904,G1-24813   G,,,Enfield Farms Inc,Active,Change-ROE,ChangeInProgress,09/03/2021,"Irrigation,Irrigation",,75.0000,GPM,3.6000,380.3000,1,NWRO,Whatcom,T40.0N/R02.0E/28,SW,SE,4,Well,4,Groundwater
CG1-25998,2285669,,,,Sandy Point Improvement Co,Inactive,Change-ROE,PA Notice,10/10/2001,Municipal,,230.0000,GPM,143.0000,,1,NWRO,Whatcom,T38.0N/R01.0E/04,SW,NW,2,Well,2,Groundwater
CG1-25998@1,4594356,,,,Sandy Point Improvement Co,Inactive,Change-ROE,Final,03/24/2009,Domestic Multiple,748,230.6200,GPM,143.5000,,1,NWRO,Whatcom,T39.0N/R01.0E/34,NE,SW,2,Well,2,Groundwater
CG1-25998@2,4594334,,,,Sandy Point Improvement Co,Inactive,Change-ROE,Final,03/24/2009,Domestic Multiple,748,230.6200,GPM,143.5000,,1,NWRO,Whatcom,T39.0N/R01.0E/34,NE,SW,2,Well,2,Groundwater
CG1-26331,2285675,,,,Camano Hills Water Co,Active,Change-ROE,PA Notice,07/25/1997,Domestic Multiple,,75.0000,GPM,39.5000,,6,NWRO,Island,T31.0N/R02.0E/01,NW,NE,1,Well,1,Groundwater
CG1-27031,2285748,,,,Ames Lake Water Association,Inactive,Change-ROE,Final,05/15/1998,"Domestic Multiple,Stream Augmentation,Stream Augmentation,Stream Augmentation",,210.0000,GPM,88.0000,,7,NWRO,King,T25.0N/R07.0E/07,SW,SE,1,Well,1,Groundwater
CG1-28857,6807072,,,,Sea Breeze Water System,Active,Change Application,AppReceived,05/27/2025,"Domestic Multiple,Commercial and Industrial,Irrigation,Stockwater",,39.0000,GPM,,22.6000,2,NWRO,San Juan,T35.0N/R03.0W/23,NW,NW,3,Well,3,Groundwater
CG1-GWC1785,6803757,01785,,,James Dairy,Active,Change Application,AppAccepted,06/28/2021,Irrigation,9,180.0000,GPM,44.5000,290.9000,1,NWRO,Whatcom,T40.0N/R02.0E/20,NE,SE,9,Well,9,Groundwater
CG1-GWC1977C@1,6803903,01977,,,Enfield Farms Inc,Active,Change-ROE,ChangeInProgress,09/03/2021,"Irrigation,Irrigation",,150.0000,GPM,2.7000,380.3000,1,NWRO,Whatcom,T40.0N/R02.0E/27,SW,SW,10,Well,10,Groundwater
CG1-GWC2831@1,6803901,02831,,,Enfield Farms Inc,Active,Change-ROE,ChangeInProgress,09/03/2021,"Irrigation,Irrigation",,120.0000,GPM,50.1000,380.3000,1,NWRO,Whatcom,T40.0N/R02.0E/27,SW,SW,10,Well,10,Groundwater
CG1-GWC3754@5,6803849,03754,,,Juniper Beach Water District,Active,Change-ROE,Final,08/11/2021,"Municipal,Municipal",,62.5000,GPM,22.7000,,6,NWRO,Island,T32.0N/R03.0E/27,NW,NW,4,Well,4,Groundwater
CG1-GWC4228,6803266,04228,,,"Timeless Villages, LLC",Inactive,Change-ROE,Final,10/27/2020,"Irrigation,Stockwater,Commercial and Industrial",,436.0000,GPM,101.3000,50.0000,5,NWRO,Snohomish,T31.0N/R06.0E/04,SW,SW,4,Well,4,Groundwater
CG1-GWC4228@2,6805688,04228,,,"Timeless Villages, LLC",Active,Change-ROE,ROE-ROD,12/20/2023,"Mitigation,Mitigation,Mitigation",,16.2460,GPM,5.9570,1.7000,5,NWRO,Snohomish,T31.0N/R06.0E/04,SW,SW,4,Well,4,Groundwater
CG1-GWC4729,6803758,04729,,,James Dairy,Active,Change Application,AppAccepted,06/28/2021,Irrigation,9,144.0000,GPM,58.1000,290.9000,1,NWRO,Whatcom,T40.0N/R02.0E/20,NE,SE,9,Well,9,Groundwater
CG1-GWC5529@1,6805882,05529,,,Vande Hoef Holdings LLC,Inactive,Change-ROE,Final,02/21/2024,Irrigation,,180.0000,GPM,60.0000,50.0000,1,NWRO,Whatcom,T40.0N/R03.0E/23,SE,SW,2,Well,2,Groundwater
CG2-00792,2223205,G2-00792,,,Thurston Cnty PUD 1,Active,Change-ROE,PA Notice,01/07/1994,"Domestic Multiple,Irrigation,Stockwater",,550.0000,GPM,198.0000,84.5000,11,SWRO,Thurston,T17.0N/R02.0E/32,SE,SW,2,Well,2,Groundwater
CG2-01072,4500641,G2-01072   C,THUR 08-08,,Lacey Olympia Tumwater Cities of,Active,Change-ROE,CC,04/29/2008,Municipal,,900.0000,GPM,1440.0000,,13,SWRO,Thurston,T18.0N/R02.0W/35,,NW,1,Well,1,Groundwater
CG2-20972,5485322,G2-20972,,,Wilcox Farms Inc,Inactive,Change-ROE,PA Notice,11/08/2012,"Domestic Multiple,Commercial and Industrial,Irrigation",,100.0000,GPM,97.3000,475.0000,11,SWRO,Pierce,T16.0N/R03.0E/07,NW,NW,6,Well,6,Groundwater
CG2-22107,6044971,G2-22107   C,,,Wilcox Farms Inc,Inactive,Change-ROE,PA Notice,12/17/2013,"Domestic Multiple,Irrigation,Commercial and Industrial",,100.0000,GPM,187.2000,,11,SWRO,Pierce,T16.0N/R03.0E/18,NW,NW,6,Well,6,Groundwater
CG2-22508,6799321,G2-22508   C,,,"Shattuck, Rosemary ",Active,Trust Water Temporary Donation,DonationAccept,04/12/2016,Groundwater Preservation,,45.0000,GPM,15.0000,,13,SWRO,Thurston,T18.0N/R01.0W/15,NW,NE,1,Well,1,Groundwater
CG2-23738,5358151,,,,Carrolls Water Association,Inactive,Change-ROE,Final,10/11/1993,Domestic Multiple,,40.0000,GPM,45.0000,,26,SWRO,Cowlitz,T07.0N/R01.0W/19,SW,SW,1,Well,1,Groundwater
CG2-23738@1,5481641,,,,Carrolls Water Association,Active,Change-ROE,PA Notice,10/25/2012,Domestic Multiple,,40.0000,GPM,45.0000,,26,SWRO,Cowlitz,T07.0N/R01.0W/19,SE,NW,3,Well,3,Groundwater
CG2-23838,4232259,,,,Montesano City,Active,Change-ROE,PA Notice,04/28/2005,Municipal,,2000.0000,GPM,1120.0000,,22,SWRO,Grays Harbor,T17.0N/R07.0W/08,NE,SE,2,Well,2,Groundwater
CG2-23869,2154080,,,,Lakewood Water District,Inactive,Change-ROE,Final,09/26/1997,Municipal,,1500.0000,GPM,1200.0000,,12,SWRO,Pierce,T20.0N/R02.0E/34,SW,NW,1,Well,1,Groundwater
CG2-24469@2,4320158,G2-24469   C,,,Parkland Light & Water Co,Inactive,Change-ROE,Final,12/14/2006,Municipal,,350.0000,GPM,420.0000,,12,SWRO,Pierce,T19.0N/R03.0E/15,NW,NW,1,Well,1,Groundwater
CG2-24502,2147551,,,,Spanaway Water Co,Inactive,Change-ROE,Final,01/08/1998,Municipal,,465.0000,GPM,744.0000,,12,SWRO,Pierce,T19.0N/R03.0E/33,,,1,Well,1,Groundwater
CG2-25052,6799243,G2-25052   C,,,Cooke Aquaculture Pacific LLC,Active,Trust Water Temporary Donation,DonationAccept,03/28/2016,Groundwater Preservation,,3000.0000,GPM,4839.0000,,23,SWRO,Thurston,T16.0N/R03.0W/36,,,2,Well,2,Groundwater
CG2-25778(A),4143092,THUR-03-04,THUR-03-04,,Lacey City,Inactive,Change-ROE,Final,02/24/2003,Municipal,,550.0000,GPM,885.0000,,11,SWRO,Thurston,T18.0N/R01.0W/24,NW,NW,3,Well,3,Groundwater
CG2-26271,6801010,G2-26271AL C,,,Thurston Cnty PUD 1,Active,Change-ROE,PA Notice,11/27/2017,"Municipal,Municipal",,1000.0000,GPM,236.0000,,13,SWRO,Thurston,T18.0N/R01.0W/36,SW,SW,6,Well,6,Groundwater
CG2-26702@1,6799245,,,,Cooke Aquaculture Pacific LLC,Active,Trust Water Temporary Donation,DonationAccept,03/28/2016,Groundwater Preservation,,2000.0000,GPM,2496.0000,,23,SWRO,Thurston,T16.0N/R03.0W/36,,,5,Well,5,Groundwater
CG2-26986,6802426,G2-26986   C,,,Nisqually Sportsmens Club,Active,Change-ROE,CC,09/11/2019,Municipal,,150.0000,GPM,36.0000,,11,SWRO,Thurston,T18.0N/R01.0E/16,SW,NW,3,Well,3,Groundwater
CG2-27260,6802265,G2-27260   C,,,Spanaway Water Co,Active,Trust Water Temporary Donation,DonationAccept,05/09/2019,Groundwater Preservation,,750.0000,GPM,160.0000,80.0000,12,SWRO,Pierce,T19.0N/R03.0E/15,SW,SE,1,Well,1,Groundwater
CG2-28063,4644029,,,,Washington Water Service,Inactive,Change-ROE,Final,08/10/2009,Domestic Multiple,315,250.0000,GPM,120.0000,,15,SWRO,Pierce,T22.0N/R02.0E/28,NE,NW,2,Well,2,Groundwater
CG2-28175,6044951,,,,Wilcox Farms Inc,Inactive,Change-ROE,PA Notice,12/17/2013,"Domestic Multiple,Irrigation,Commercial and Industrial",,200.0000,GPM,116.0000,,11,SWRO,Pierce,T16.0N/R03.0E/18,NW,NW,6,Well,6,Groundwater
CG2-GWC5155@1,6799867,05155,THUR 07-08,,Yelm City,Active,Change Application,AppAccepted,12/20/2016,Municipal,,380.0000,GPM,77.0000,,11,SWRO,Thurston,T17.0N/R01.0E/24,SE,SE,4,Well,4,Groundwater
CG2-GWC6587,6125132,06587,,,Ocean Shores City,Inactive,Change-ROE,Final,03/13/2008,Municipal,,400.0000,GPM,575.0000,,22,SWRO,Grays Harbor,T17.0N/R12.0W/03,SE,SE,1,Well,1,Groundwater
CG2-GWC7235(A),2147431,7235,,,Broadfields Farm,Active,Change-ROE,Final,06/03/1998,"Irrigation,Domestic Single",,215.0000,GPM,68.0000,50.0000,23,SWRO,Thurston,T17.0N/R02.0W/31,NW,SW,3,Well,3,Groundwater
CG2-GWC7428,6044175,07428,,,Wilcox Farms Inc,Inactive,Change-ROE,PA Notice,12/17/2013,"Irrigation,Domestic Multiple,Commercial and Industrial",,400.0000,GPM,203.5000,475.0000,11,SWRO,Pierce,T16.0N/R03.0E/18,SE,NW,5,Well,5,Groundwater
CG2-GWP1952(B),4666798,,,,White Pass School District 303,Inactive,Change-ROE,Final,04/17/2009,Domestic Multiple,,110.0000,GPM,106.0000,,26,SWRO,Lewis,T12.0N/R07.0E/15,NW,NW,3,Well,3,Groundwater
CG3-*00097C(B),6800873,284-A(B),WALL-23-11,,"Allen, Kelly & Susan ",Active,Change-ROE,BC,12/22/2017,Irrigation,,40.0000,GPM,25.0000,10.0000,32,ERO,Walla Walla,T07.0N/R34.0E/36,E2,NW,1,Well,1,Groundwater
CG3-*00194C(B),4285432,109-A,,,"Hulett, Susan W",Inactive,Change-ROE,Final,10/24/2001,Irrigation,,69.0000,GPM,15.3300,7.6700,32,ERO,Walla Walla,T06.0N/R35.0E/15,,,1,Well,1,Groundwater
CG3-*00387C,6622048,35-A,GRAN-15-05,,"Stevens, Rose M",Active,Change-ROE,PA Notice,03/28/2015,"Irrigation,Irrigation",,1000.0000,GPM,232.5000,93.0000,43,ERO,Grant,T22.0N/R28.0E/02,NE,SW,1,Well,1,Groundwater
CG3-*01033S(A)@4,6800434,943-D(A),WALL-17-07,,"Crown Columbia Water Resources, LLC",Active,Change-ROE,DonationAccept,06/07/2017,"Groundwater Preservation,Instream Flow",,54.5000,GPM,15.2800,,32,ERO,Walla Walla,T07.0N/R36.0E/32,NW,SW,2,Well,2,Groundwater
CG3-*01122C@1,6802635,660-A,,,Colfax City,Active,Change-ROE,PA Notice,12/27/2019,"Municipal,Municipal",,500.0000,GPM,400.0000,,34,ERO,Whitman,T17.0N/R43.0E/32,NE,NE,5,Well,5,Groundwater
CG3-*01621C@1,6803880,626-A,SPOK 21-14,,Vera Water and Power,Inactive,Change-ROE,Final,08/30/2021,Municipal,,300.0000,GPM,203.0000,,57,ERO,Spokane,T25.0N/R44.0E/15,NE,SE,11,Well,11,Groundwater
CG3-*04154C@1,6798835,4414-A,,,Marlin Hutterian Brethren ,Inactive,Change-ROE,Final,02/04/2016,"Irrigation,Irrigation",,500.0000,GPM,400.0000,160.0000,41,ERO,Grant,T21.0N/R30.0E/03,SW,NW,1,Well,1,Groundwater
CG3-*05498C(A)@4,6803419,4082-A(A),,,"Scholl, Cheryl ",Active,Trust Water Temporary Donation,DonationAccept,02/26/2021,Other,,50.1300,GPM,77.7600,13.8300,32,ERO,Walla Walla,T07.0N/R35.0E/26,NW,NW,1,Well,1,Groundwater
CG3-*05576C,6008697,3886-A,,,George City of,Inactive,Change-ROE,Final,12/02/2013,Municipal,,100.0000,GPM,672.0000,,41,ERO,Grant,T18.0N/R24.0E/06,,,2,Well,2,Groundwater
CG3-*07287C@1,6798834,5909-A,,,Marlin Hutterian Brethren ,Inactive,Change-ROE,Final,02/04/2016,"Irrigation,Irrigation",,718.0000,GPM,399.5000,159.8000,41,ERO,Grant,T21.0N/R30.0E/03,SW,NW,1,Well,1,Groundwater
CG3-*07382C,6799539,5137-A,,,Warden Hutterian Brethren Trust,Inactive,Change-ROE,Final,07/05/2016,Irrigation,,1650.0000,GPM,2217.0000,1600.0000,41,ERO,Adams,T18.0N/R31.0E/15,NE,SE,2,Well,2,Groundwater
CG3-*07708C,6801040,6633-A,,,College Place City,Inactive,Change-ROE,Superseded,02/21/2018,"Municipal,Municipal",,2000.0000,GPM,1828.7500,,32,ERO,Walla Walla,T07.0N/R35.0E/36,SE,NW,9,Well,9,Groundwater
CG3-*07762CWRIS,6801044,5681-A,,,College Place City,Inactive,Change-ROE,Superseded,02/27/2018,Municipal,,550.0000,GPM,880.0000,,32,ERO,Walla Walla,T07.0N/R35.0E/36,SE,NW,9,Well,9,Groundwater
CG3-*07762CWRIS@1,6804578,5681-A,WALL 22-09,,College Place City,Active,Change-ROE,CC,06/06/2022,Municipal,,550.0000,GPM,880.0000,,32,ERO,Walla Walla,T07.0N/R35.0E/36,SE,NW,11,Well,11,Groundwater
CG3-*07789C(SC18),6800947,6051-A,,,Marlin Hutterian Brethren ,Inactive,Change-ROE,Expired,01/23/2018,"Irrigation,Irrigation",,2000.0000,GPM,800.0000,716.6000,41,ERO,Grant,T22.0N/R30.0E/35,SW,NW,2,Well,2,Groundwater
CG3-*07789C(SC19),6802060,6051-A,,,Marlin Hutterian Brethren ,Inactive,Change-ROE,Expired,01/14/2019,"Irrigation,Irrigation",,2000.0000,GPM,800.0000,716.6000,41,ERO,Grant,T22.0N/R30.0E/35,SW,NW,2,Well,2,Groundwater
CG3-*07789C(SC20),6802855,6051-A,,,Marlin Hutterian Brethren ,Inactive,Change-ROE,Expired,02/11/2020,"Irrigation,Irrigation",,2000.0000,GPM,800.0000,716.6000,41,ERO,Grant,T22.0N/R30.0E/35,SW,NW,2,Well,2,Groundwater
CG3-*07789C(SC21),6803933,6051-A,,,Marlin Hutterian Brethren ,Inactive,Change-ROE,Expired,02/14/2021,"Irrigation,Irrigation",,2000.0000,GPM,800.0000,716.6000,41,ERO,Grant,T22.0N/R30.0E/35,SW,NW,2,Well,2,Groundwater
CG3-*07789C(SC24),6805913,6051-A,,,Stevens Land Holdings LLC,Inactive,Change-ROE,Expired,02/15/2024,"Irrigation,Irrigation",,2000.0000,GPM,800.0000,716.6000,41,ERO,Grant,T22.0N/R30.0E/35,SW,NW,2,Well,2,Groundwater
CG3-*07789C@2,6798831,6051-A,,,Marlin Hutterian Brethren ,Inactive,Change-ROE,Final,02/04/2016,"Irrigation,Irrigation",,2000.0000,GPM,800.0000,716.6000,41,ERO,Grant,T22.0N/R30.0E/35,SW,NW,2,Well,2,Groundwater
CG3-*08605C,6800676,6414-A,LINC-17-04,,Friehe Farms,Active,Change-ROE,PA Notice,09/14/2017,Irrigation,,1000.0000,GPM,800.0000,320.0000,41,ERO,Lincoln,T21.0N/R31.0E/36,,S2,2,Well,2,Groundwater
CG3-*08605C(SC22),6804690,6414-A,,,"Schibel, Jeffrey ",Inactive,Change-ROE,Expired,02/09/2022,Irrigation,,1000.0000,GPM,800.0000,320.0000,41,ERO,Lincoln,T21.0N/R31.0E/36,,,1,Well,1,Groundwater
CG3-*08605C(SC23),6805071,6414-A,,,"Schibel, Jeffrey ",Inactive,Change-ROE,Expired,01/05/2023,Irrigation,,1000.0000,GPM,800.0000,320.0000,41,ERO,Lincoln,T21.0N/R31.0E/36,,,1,Well,1,Groundwater
CG3-*08605C@2,6806425,6414-A,,,Wheeler Land Holdings LLC,Active,Trust Water Temporary Donation,DonationAccept,02/13/2024,Irrigation,,1000.0000,GPM,800.0000,320.0000,41,ERO,Lincoln,T21.0N/R31.0E/36,,,1,Well,1,Groundwater
CG3-*08760C(SC19),6802040,6695-A,,,Marlin Hutterian Brethren ,Inactive,Change-ROE,Expired,02/07/2019,"Irrigation,Irrigation",,800.0000,GPM,316.0000,142.0000,41,ERO,Grant,T22.0N/R30.0E/35,SW,NW,1,Well,1,Groundwater
CG3-*08760C@1,6798832,6695-A,,,Marlin Hutterian Brethren ,Inactive,Change-ROE,Final,02/04/2016,"Irrigation,Irrigation",,800.0000,GPM,316.0000,142.0000,41,ERO,Grant,T22.0N/R30.0E/35,SW,NW,1,Well,1,Groundwater
CG3-*09001C(A),6802408,6397-A(A),,,Pepper Bridge Investments LLC,Active,Change-ROE,PA Exam,11/07/2018,Irrigation,,388.0000,GPM,268.0000,155.7000,32,ERO,Walla Walla,T06.0N/R35.0E/12,NE,SW,2,Well,2,Groundwater
CG3-*10082CWRIS,2144742,6508-A,,,"Holloway, Judith ",Active,Change-ROE,PA Exam,10/18/2002,Irrigation,,16.0000,GPM,14.0000,4.0000,32,ERO,Walla Walla,T06.0N/R35.0E/11,NW,NW,1,Well,1,Groundwater
CG3-+22008@1,6806267,G3+22008   C,,,MUNRO HENRY D,Active,Change Application,AppReceived,06/17/2024,"Groundwater Preservation,Instream Flow,Mitigation",,280.0000,GPM,140.0000,28.0000,44,CRO,Douglas,T26.0N/R21.0E/21,SE,SW,1,Well,1,Groundwater
CG3-00031C,6801485,G3+00031AL C,,,Robert & Louise Andrews Partnership,Active,Trust Water Temporary Donation,DonationAccept,06/14/2018,"Groundwater Preservation,Instream Flow",,,,1741.0000,,31,CRO,Klickitat,T06.0N/R23.0E/15,,SE,3,Well,3,Groundwater
CG3-00031C@1,6802750,G3+00031AL C,KLIC-20-04,,Robert & Louise Andrews Partnership,Active,Change Application,AppAccepted,01/24/2020,"Domestic Single,Irrigation",,2400.0000,GPM,2561.0000,1600.0000,31,CRO,Klickitat,T06.0N/R23.0E/15,SE,NE,5,Well,5,Groundwater
CG3-001087CL,6799289,,CHEL-16-01,,Crown West Realty LLC,Inactive,Change-ROE,Denied,03/21/2016,"Municipal,Instream Flow,Irrigation",,0.0000,GPM,0.0000,0.0000,57,ERO,Spokane,T25.0N/R44.0E/01,NW,SE,2,Well,2,Groundwater
CG3-001087CL@1,6800784,,CHEL-17-05,,Crown West Realty LLC *,Inactive,Change-ROE,Denied,09/18/2017,"Commercial and Industrial,Domestic Multiple,Instream Flow,Irrigation",,,,,,57,ERO,Spokane,T25.0N/R44.0E/01,NW,SE,2,Well,2,Groundwater
CG3-001088CL,6799291,,CHEL-16-02,,Crown West Realty LLC,Inactive,Change-ROE,Denied,03/21/2016,"Instream Flow,Municipal,Irrigation",,0.0000,GPM,0.0000,0.0000,57,ERO,Spokane,T25.0N/R44.0E/01,NW,SE,2,Well,2,Groundwater
CG3-001088CL@1,6800789,,CHEL-17-03,,Crown West Realty LLC *,Inactive,Change-ROE,Denied,09/18/2017,"Commercial and Industrial,Municipal,Instream Flow,Irrigation",,,,,,57,ERO,Spokane,T25.0N/R44.0E/01,NW,SE,2,Well,2,Groundwater
CG3-001088CL@2,6800790,,CHEL-17-10,,Crown West Realty LLC *,Inactive,Change-ROE,Appealed,09/18/2017,"Commercial and Industrial,Municipal,Instream Flow,Irrigation",,750.0000,GPM,1208.0000,,57,ERO,Spokane,T25.0N/R44.0E/01,NW,SE,2,Well,2,Groundwater
CG3-001088CL@3,6800791,,CHEL-17-17,,Crown West Realty LLC *,Inactive,Change Application,Withdrawn,09/18/2017,"Commercial and Industrial,Municipal,Instream Flow,Irrigation",,750.0000,GPM,1208.0000,,57,ERO,Spokane,T25.0N/R44.0E/01,NW,SE,2,Well,2,Groundwater
CG3-001089CL,6799292,,CHEL-16-03,,Crown West Realty LLC,Inactive,Change-ROE,Denied,03/21/2016,"Instream Flow,Municipal,Irrigation",,0.0000,GPM,0.0000,0.0000,57,ERO,Spokane,T25.0N/R44.0E/12,,NW,2,Well,2,Groundwater
CG3-001089CL@1,6800767,,CHEL-17-07,,Crown West Realty LLC *,Inactive,Change-ROE,Denied,09/18/2017,"Commercial and Industrial,Municipal,Instream Flow,Irrigation",,,,,,57,ERO,Spokane,T25.0N/R44.0E/12,NW,NW,2,Well,2,Groundwater
CG3-001089CL@2,6800768,,CHEL-17-14,,Crown West Realty LLC *,Inactive,Change-ROE,Appealed,09/18/2017,"Commercial and Industrial,Municipal,Irrigation,Instream Flow",,1050.0000,GPM,1694.0000,,57,ERO,Spokane,T25.0N/R44.0E/12,NW,NW,2,Well,2,Groundwater
CG3-001089CL@3,6800769,,CHEL-17-21,,Crown West Realty LLC *,Inactive,Change Application,Withdrawn,09/18/2017,"Commercial and Industrial,Municipal,Irrigation,Instream Flow",,1050.0000,GPM,1694.0000,,57,ERO,Spokane,T25.0N/R44.0E/12,NW,NW,2,Well,2,Groundwater
CG3-00570C@4(B),6801188,G3+00570   C,,,"Griggs, Marcus J",Inactive,Trust Water Temporary Donation,DonationExpired,03/14/2018,"Instream Flow,Groundwater Preservation",,103.7500,GPM,42.2100,,44,CRO,Douglas,T25.0N/R21.0E/21,,W2,1,Well,1,Groundwater
CG3-00654C@2,6800689,G3+00654   C,,,"Slater, Donald W",Active,Trust Water Temporary Donation,DonationAccept,09/11/2017,"Instream Flow,Groundwater Preservation",,1000.0000,GPM,800.0000,,31,CRO,Klickitat,T04.0N/R20.0E/03,NE,SW,1,Well,1,Groundwater
CG3-00881C(A),6803362,G3-00881(A),,,"Lyle Ranch & Land, LLC",Inactive,Change-ROE,ROE-ROD,01/26/2021,Irrigation,,95.7000,GPM,152.2500,87.0000,36,ERO,Adams,T15.0N/R31.0E/15,,,1,Well,1,Groundwater
CG3-00896C@1,6800688,G3+00896   C,,,"Slater, Donald W",Active,Trust Water Temporary Donation,DonationAccept,09/11/2017,"Instream Flow,Groundwater Preservation",,600.0000,GPM,570.0000,,31,CRO,Klickitat,T04.0N/R20.0E/03,NE,SW,1,Well,1,Groundwater
CG3-01003C,6802503,G3+01003   C,,,Sportfisher Orchard Co,Active,Trust Water Temporary Donation,DonationAccept,10/11/2019,"Instream Flow,Groundwater Preservation",,,,630.7000,,37,CRO,Benton,T12.0N/R24.0E/03,,,1,Well,1,Groundwater
CG3-01015C(A),6805462,G3-01015C(A),,,"Preso, Janice ",Inactive,Change-ROE,ROE-ROD,08/11/2023,Irrigation,,275.0000,GPM,107.5000,27.5000,32,ERO,Walla Walla,T06.0N/R36.0E/07,NW,NW,1,Well,1,Groundwater
CG3-01039C,4211690,G3+01039   C,BENT-04-05,,"Gurske, Richard H",Active,Change-ROE,Split,11/10/2004,"Domestic Single,Irrigation",,60.0000,GPM,19.0000,4.0000,37,CRO,Benton,T10.0N/R27.0E/11,SE,SW,3,Well,3,Groundwater
CG3-01039C(A) PENDING,6800464,G3+01039   C,,,"Wertenberger, Jay ",Inactive,Change-ROE,Split,11/10/2004,"Domestic Single,Irrigation",,60.0000,GPM,19.0000,4.0000,37,CRO,Benton,T10.0N/R27.0E/11,SE,SW,3,Well,3,Groundwater
CG3-01039C(B) PENDING,6800465,G3+01039   C,,,"Dye, Dan ",Inactive,Change-ROE,Split,11/10/2004,"Domestic Single,Irrigation",,60.0000,GPM,19.0000,4.0000,37,CRO,Benton,T10.0N/R27.0E/11,SE,SW,3,Well,3,Groundwater
CG3-01039C(C) PENDING,6800466,G3+01039   C,,,"Shea, Thomas E",Inactive,Change-ROE,Split,11/10/2004,"Domestic Single,Irrigation",,60.0000,GPM,19.0000,4.0000,37,CRO,Benton,T10.0N/R27.0E/11,SE,SW,3,Well,3,Groundwater
CG3-01156(A)(SC19),6802190,G3-01156C(A),,,Stahl Hutterian Brethren Trust,Inactive,Change-ROE,Expired,03/25/2019,"Irrigation,Irrigation",,2250.0000,GPM,3062.5000,1225.0000,41,ERO,Adams,T19.0N/R31.0E/14,NE,NE,6,Well,6,Groundwater
CG3-01156(A)(SC21),6803634,G3-01156C(A),,,Stahl Hutterian Brethren Trust,Inactive,Change-ROE,Expired,02/10/2021,"Irrigation,Irrigation",,2250.0000,GPM,3062.5000,1225.0000,41,ERO,Adams,T19.0N/R31.0E/14,NE,NE,6,Well,6,Groundwater
CG3-01156(A)(SC22),6804783,G3-01156C(A),,,Stahl Hutterian Brethren Trust,Inactive,Change-ROE,Expired,04/06/2022,"Irrigation,Irrigation",,2250.0000,GPM,3062.5000,1225.0000,41,ERO,Adams,T19.0N/R31.0E/14,NE,NE,6,Well,6,Groundwater
CG3-01156(A)(SC24),6805802,G3-01156C(A),,,Stahl Hutterian Brethren Trust,Inactive,Change-ROE,Expired,01/23/2024,"Irrigation,Irrigation",,2250.0000,GPM,3062.5000,1225.0000,41,ERO,Adams,T19.0N/R31.0E/14,NE,NE,6,Well,6,Groundwater
CG3-01156C(A)@2,6800009,G3-01156C(A),,,Stahl Hutterian Brethren Trust,Inactive,Change-ROE,Final,02/03/2017,"Irrigation,Irrigation",,2250.0000,GPM,3062.5000,1225.0000,41,ERO,Adams,T19.0N/R31.0E/14,NE,NE,6,Well,6,Groundwater
CG3-01205(A),6800536,G3-01205(A),,,Warden Hutterian Brethren Trust,Inactive,Change-ROE,Final,07/20/2017,"Irrigation,Irrigation",,2274.0000,GPM,2311.5000,924.7000,41,ERO,Adams,T18.0N/R31.0E/13,SW,NW,1,Well,1,Groundwater
CG3-01205C(A)(SC18),6801407,G3-01205(A),,,Warden Hutterian Brethren Trust,Inactive,Change-ROE,Expired,02/12/2018,"Irrigation,Irrigation",,2274.0000,GPM,2311.5000,792.6000,41,ERO,Adams,T18.0N/R31.0E/13,SW,NW,1,Well,1,Groundwater
CG3-01205C(A)(SC19),6802004,G3-01205(A),,,Warden Hutterian Brethren Trust,Inactive,Change-ROE,Expired,02/15/2019,"Irrigation,Irrigation",,2274.0000,GPM,2311.5000,792.6000,41,ERO,Adams,T18.0N/R31.0E/13,SW,NW,1,Well,1,Groundwater
CG3-01205C(A)(SC20),6802896,G3-01205(A),,,Warden Hutterian Brethren Trust,Inactive,Change-ROE,Expired,02/26/2020,"Irrigation,Irrigation",,2274.0000,GPM,2311.5000,792.6000,41,ERO,Adams,T18.0N/R31.0E/13,SW,NW,1,Well,1,Groundwater
CG3-01205C(B),6805451,G3-01205(B),,,WHB Trust,Inactive,Change-ROE,ROE-ROD,08/14/2023,"Irrigation,Irrigation",,850.2000,GPM,863.5000,345.4000,41,ERO,Adams,T18.0N/R31.0E/13,SW,NW,1,Well,1,Groundwater
CG3-01205C(B)(SC23),6805045,G3-01205(B),,,Warden Hutterian Brethren c/o Mr. Paul Wollman,Inactive,Change-ROE,Expired,02/16/2023,"Irrigation,Irrigation",,850.2000,GPM,863.5000,188.0000,41,ERO,Adams,T18.0N/R31.0E/13,SW,NW,1,Well,1,Groundwater
CG3-01223C(B)@2,6705950,G3-01223C,BENT-15-06,,Lake Wallula Vineyards LLC,ChangeInProgress,Change-ROE,CC,05/20/2015,Irrigation,,433.0000,GPM,217.5500,240.0000,31,CRO,Benton,T06.0N/R30.0E/23,S2,SE,3,Well,3,Groundwater
CG3-01223C(B)@3,6802231,G3-01223C,BENT-19-04,,Lake Wallula Vineyards LLC,Active,Change-ROE,CC,05/21/2019,Irrigation,,433.0000,GPM,217.5500,240.0000,31,CRO,Benton,T06.0N/R30.0E/27,SE,NE,4,Well,4,Groundwater
CG3-01317C,6803053,G3-01317C,,,R & J Lyle LLC,Active,Change-ROE,BC,06/04/2020,Irrigation,,1500.0000,GPM,2068.0000,940.0000,36,ERO,Adams,T15.0N/R31.0E/11,SW,NW,1,Well,1,Groundwater
CG3-01342C,6800345,G3-01342C,,,"Dreger, Richard ",Inactive,Change-ROE,Final,04/26/2017,"Irrigation,Irrigation",,2300.0000,GPM,460.0000,230.0000,43,ERO,Lincoln,T25.0N/R34.0E/30,NE,SE,2,Well,2,Groundwater
CG3-01347C(SC18),6800948,G3-01347C,,,Marlin Hutterian Brethren ,Inactive,Change-ROE,Expired,01/23/2018,"Irrigation,Irrigation",,2000.0000,GPM,1135.0000,454.0000,43,ERO,Grant,T22.0N/R30.0E/26,S2,NE,2,Well,2,Groundwater
CG3-01347C(SC19),6802041,G3-01347C,,,Marlin Hutterian Brethren ,Inactive,Change-ROE,Expired,02/19/2019,"Irrigation,Irrigation",,2000.0000,GPM,1135.0000,454.0000,43,ERO,Grant,T22.0N/R30.0E/26,S2,NE,2,Well,2,Groundwater
CG3-01347C(SC20),6802891,G3-01347C,,,Marlin Hutterian Brethren ,Inactive,Change-ROE,Expired,02/14/2020,"Irrigation,Irrigation",,2000.0000,GPM,1135.0000,454.0000,43,ERO,Grant,T22.0N/R30.0E/26,S2,NE,2,Well,2,Groundwater
CG3-01347C(SC21),6803934,G3-01347C,,,Marlin Hutterian Brethren ,Inactive,Change-ROE,Expired,02/24/2021,"Irrigation,Irrigation",,2000.0000,GPM,1135.0000,454.0000,43,ERO,Grant,T22.0N/R30.0E/26,S2,NE,2,Well,2,Groundwater
CG3-01347C(SC24),6805940,G3-01347C,,,Stevens Land Holdings LLC,Inactive,Change-ROE,Expired,03/01/2024,"Irrigation,Irrigation",,2000.0000,GPM,1135.0000,454.0000,43,ERO,Grant,T22.0N/R30.0E/26,S2,NE,2,Well,2,Groundwater
CG3-01347C@1,6798836,G3-01347C,,,Marlin Hutterian Brethren ,Inactive,Change-ROE,Final,02/04/2016,"Irrigation,Irrigation",,2000.0000,GPM,1135.0000,454.0000,43,ERO,Grant,T22.0N/R30.0E/26,S2,NE,2,Well,2,Groundwater
CG3-01454C,6803149,G3-01454   C,,,Lyle Family Land LLC,Active,Change-ROE,BC,08/05/2020,Irrigation,,2250.0000,GPM,1043.0000,474.0000,36,ERO,Adams,T15.0N/R31.0E/08,SW,SW,1,Well,1,Groundwater
CG3-20637C,6800803,G3+20637   C,YAKI-17-04,,Stadelman Fruit LLC,Inactive,Change Application,Rejected,11/17/2017,"Domestic Multiple,Frost Protection,Irrigation,Commercial and Industrial",,2000.0000,GPM,723.0000,85.0000,37,CRO,Yakima,T11.0N/R20.0E/22,NW,SE,1,Well,1,Groundwater
CG3-20637C@1,6802105,G3+20637   C,,,Stadelman Fruit LLC,Inactive,Trust Water Temporary Donation,DonationExpired,03/27/2019,"Groundwater Preservation,Instream Flow",,2000.0000,GPM,701.6300,,37,CRO,Yakima,T11.0N/R20.0E/22,NW,SE,1,Well,1,Groundwater
CG3-20746C(A),6799595,G3-20746(A),WALL-16-03,,"Lomeland, Jonathan ",Inactive,Change-ROE,Final,07/06/2016,Irrigation,,38.0000,GPM,36.5100,10.1200,32,ERO,Walla Walla,T06.0N/R34.0E/08,NW,SE,1,Well,1,Groundwater
CG3-20845C,6803257,G3+20845   C,BENT-20-02,,"Robinson, Todd ",Inactive,Change-ROE,Final,11/09/2020,"Irrigation,Irrigation,Domestic Single",,60.0000,GPM,24.0000,5.0000,37,CRO,Benton,T09.0N/R28.0E/04,NE,NW,2,Well,2,Groundwater
CG3-21037C@2,4726775,G3-21037C,,,WA Ecology Dept - Wenatchee,Inactive,Change-ROE,DonationExpired,04/04/2011,"Instream Flow,Instream Flow,Instream Flow,Instream Flow,Instream Flow,Instream Flow,Instream Flow,Mitigation,Groundwater Preservation",,,,243.0000,,32,ERO,Walla Walla,T07.0N/R31.0E/14,SE,SE,1,Well,1,Groundwater
CG3-21037C@3,6803274,G3-21037C,,,WA Ecology Dept - Union Gap,Active,Change-ROE,ROE-ROD,12/02/2020,"Instream Flow,Mitigation",,308.0000,GPM,243.0000,,32,ERO,Walla Walla,T07.0N/R31.0E/14,,E2,2,Well,2,Groundwater
CG3-21038C@2,4726796,G3-21038C,,,WA Ecology Dept - Wenatchee,Inactive,Change-ROE,DonationExpired,04/04/2011,"Instream Flow,Mitigation,Instream Flow,Instream Flow,Instream Flow,Instream Flow,Instream Flow,Instream Flow,Groundwater Preservation",,,,265.0000,,32,ERO,Walla Walla,T07.0N/R31.0E/14,SE,NE,1,Well,1,Groundwater
CG3-21038C@3,6803275,G3-21038C,,,WA Ecology Dept - Union Gap,Active,Change-ROE,ROE-ROD,12/02/2020,"Instream Flow,Mitigation",,531.0000,GPM,265.0000,,32,ERO,Walla Walla,T07.0N/R31.0E/14,,SE,2,Well,2,Groundwater
CG3-21039C@2,4726815,G3-21039C,,,WA Ecology Dept - Wenatchee,Inactive,Change-ROE,DonationExpired,04/04/2011,"Instream Flow,Instream Flow,Instream Flow,Instream Flow,Mitigation,Instream Flow,Instream Flow,Instream Flow,Groundwater Preservation",,,,591.0000,,32,ERO,Walla Walla,T07.0N/R31.0E/14,SW,SE,1,Well,1,Groundwater
CG3-21081C@2,4494349,G3+21081   C,,,"Boesel, Bryan ",Inactive,Change-ROE,Split,03/24/2008,"Municipal,Irrigation,Municipal,Irrigation",,,,,,49,CRO,Okanogan,T32.0N/R25.0E/20,SW,NW,5,Well,5,Groundwater
CG3-21081C@2(A),6800253,G3+21081   C,,,"Boesel, Bryan ",Active,Change-ROE,PA Notice,03/24/2008,"Domestic Single,Irrigation",,87.0000,GPM,34.1000,10.0000,49,CRO,Okanogan,T32.0N/R25.0E/20,SW,NW,1,Well,1,Groundwater
CG3-21081C@2(D),6800254,G3+21081   C,,,Okanogan Cnty Public Works Dept,Inactive,Change-ROE,Superseded,03/24/2008,"Municipal,Municipal",,,,,,49,CRO,Okanogan,T32.0N/R25.0E/20,W2,NW,4,Surface Water Pump,4,Okanogan River
CG3-21081C@3,4494832,G3+21081   C,,,"Boesel, Bryan ",Active,Change-ROE,PA Exam,03/24/2008,"Groundwater Preservation,Instream Flow,Irrigation",,40.0000,GPM,22.5000,,49,CRO,Okanogan,T32.0N/R25.0E/20,SW,NW,1,Well,1,Groundwater
CG3-21147C,6804675,G3+21147   C,,,Chelan Cnty PUD 1,Active,Trust Water Temporary Donation,DonationAccept,08/03/2022,"Instream Flow,Groundwater Preservation",,4.0000,GPM,2.5000,,44,CRO,Douglas,T24.0N/R20.0E/35,NE,NE,1,Well,1,Groundwater
CG3-21909C(B),6805494,G3-21909(B),,,"Charles Smith Vineyards, LLC",Active,Trust Water Temporary Donation,DonationAccept,06/30/2023,Groundwater Preservation,,,,173.4000,,32,ERO,Walla Walla,T06.0N/R36.0E/09,,NE,1,Well,1,Groundwater
CG3-21936C@2,4726910,G3-21936C,,,WA Ecology Dept - Wenatchee,Inactive,Change-ROE,DonationExpired,04/04/2011,"Instream Flow,Instream Flow,Instream Flow,Instream Flow,Instream Flow,Instream Flow,Instream Flow,Mitigation,Groundwater Preservation",,,,278.0000,,32,ERO,Walla Walla,T07.0N/R31.0E/14,SE,SE,1,Well,1,Groundwater
CG3-21936C@3,6803276,G3-21936C,,,WA Ecology Dept - Union Gap,Active,Change-ROE,ROE-ROD,12/02/2020,"Instream Flow,Mitigation",,530.0000,GPM,278.0000,,32,ERO,Walla Walla,T07.0N/R31.0E/14,,E2,2,Well,2,Groundwater
CG3-22023C,6799293,G3-22023   C,CHEL-16-04,,Crown West Realty LLC,Inactive,Change-ROE,Denied,03/21/2016,"Municipal,Instream Flow,Irrigation",,0.0000,GPM,0.0000,0.0000,57,ERO,Spokane,T25.0N/R44.0E/01,,SE,2,Well,2,Groundwater
CG3-22023C@1,6800781,G3-22023   C,CHEL-17-09,,Crown West Realty LLC *,Inactive,Change-ROE,Denied,09/18/2017,"Municipal,Commercial and Industrial,Instream Flow,Irrigation",,,,,,57,ERO,Spokane,T25.0N/R44.0E/01,SW,SE,2,Well,2,Groundwater
CG3-22023C@2,6800782,G3-22023   C,CHEL-17-16,,Crown West Realty LLC *,Inactive,Change Application,Withdrawn,09/18/2017,"Municipal,Commercial and Industrial,Instream Flow,Irrigation",,2600.0000,GPM,4194.0000,,57,ERO,Spokane,T25.0N/R44.0E/01,SW,SE,2,Well,2,Groundwater
CG3-22023C@3,6800783,G3-22023   C,CHEL-17-23,,Crown West Realty LLC *,Inactive,Change Application,Withdrawn,09/18/2017,"Municipal,Commercial and Industrial,Instream Flow,Irrigation",,2600.0000,GPM,4194.0000,,57,ERO,Spokane,T25.0N/R44.0E/01,SW,SE,2,Well,2,Groundwater
CG3-22314C,6799725,G3+22314   C,,,Moxee Land Company c/o Mark Roy,Inactive,Trust Water Temporary Donation,Rejected,10/11/2016,"Instream Flow,Groundwater Preservation",,400.0000,GPM,480.0000,100.0000,37,CRO,Yakima,T13.0N/R20.0E/28,SW,SW,1,Well,1,Groundwater
CG3-22761@3,6806253,G3+22761   C,BENT-24-19,,Mercer Ranches,Active,Change-ROE,ROE-ROD,05/03/2024,"Domestic Single,Irrigation",,200.0000,GPM,185.0000,175.0000,30,CRO,Klickitat,T04.0N/R15.0E/06,NE,NE,2,Well,2,Groundwater
CG3-24153C,4654274,G3-24153C,,,Columbia View Water Services,Inactive,Change-ROE,Final,11/17/2009,"Domestic Multiple,Domestic Multiple",,600.0000,GPM,276.0000,,32,ERO,Walla Walla,T08.0N/R30.0E/12,,NW,3,Well,3,Groundwater
CG3-24154C,4654285,G3-24154C,,,Columbia View Water Services,Inactive,Change-ROE,Final,11/17/2009,Domestic Multiple,116,600.0000,GPM,276.0000,,32,ERO,Walla Walla,T08.0N/R30.0E/12,NE,NE,3,Well,3,Groundwater
CG3-24292C@1,6802394,G3-24292C,,,Johnson Reaugh LLC,Inactive,Change-ROE,Final,08/26/2019,"Irrigation,Irrigation",,2000.0000,GPM,1290.0000,880.0000,36,ERO,Adams,T15.0N/R31.0E/24,NW,SW,8,Well,8,Groundwater
CG3-24292C@2,6806287,G3-24292C,,,Johnson Reaugh LLC,Inactive,Change-ROE,Final,06/25/2024,"Irrigation,Irrigation",,2000.0000,GPM,1290.0000,880.0000,36,ERO,Adams,T15.0N/R31.0E/24,NW,SW,7,Well,7,Groundwater
CG3-24332C(B),6807290,G3-24332C(B),,,Stahl Hutterian Brethren Trust,Active,Change Application,AppAccepted,09/16/2025,Irrigation,,167.0000,GPM,0.0000,140.0000,41,ERO,Grant,T20.0N/R30.0E/14,S2,NW,3,Well,3,Groundwater
CG3-24791C@2,4727012,G3-24791C,,,WA Ecology Dept - Wenatchee,Inactive,Change-ROE,DonationExpired,04/04/2011,"Instream Flow,Instream Flow,Instream Flow,Instream Flow,Instream Flow,Instream Flow,Instream Flow,Mitigation,Groundwater Preservation",,,,281.0000,,32,ERO,Walla Walla,T07.0N/R31.0E/14,SW,NE,1,Well,1,Groundwater
CG3-24791C@3,6803278,G3-24791C,,,WA Ecology Dept - Union Gap,Active,Change-ROE,ROE-ROD,12/02/2020,"Instream Flow,Mitigation",,310.0000,GPM,281.0000,,32,ERO,Walla Walla,T07.0N/R31.0E/14,,E2,2,Well,2,Groundwater
CG3-25235C(B),6264116,G3-25235(B),,,"Hyer, John ",Inactive,Change-ROE,Superseded,06/13/2014,Irrigation,,738.3000,GPM,553.4000,720.0000,41,ERO,Grant,T20.0N/R30.0E/32,,S2,3,Well,3,Groundwater
CG3-25235C(B)(SC17),6800096,G3-25235(B),,,"Hyer, John ",Inactive,Change-ROE,Expired,01/30/2017,Irrigation,,738.3000,GPM,553.4000,720.0000,41,ERO,Grant,T20.0N/R30.0E/32,,S2,3,Well,3,Groundwater
CG3-25235C(B)(SC18),6801237,G3-25235(B),,,"Hyer, John ",Inactive,Change-ROE,Expired,01/17/2018,Irrigation,,738.3000,GPM,553.4000,720.0000,41,ERO,Grant,T20.0N/R30.0E/32,,S2,3,Well,3,Groundwater
CG3-25235C(B)(SC19),6802008,G3-25235(B),,,"Hyer, John ",Inactive,Change-ROE,Expired,01/25/2019,Irrigation,,738.3000,GPM,553.4000,720.0000,41,ERO,Grant,T20.0N/R30.0E/32,,S2,3,Well,3,Groundwater
CG3-25235C(B)(SC21),6803696,G3-25235(B),,,"Hyer, John ",Inactive,Change-ROE,Expired,02/18/2021,Irrigation,,738.3000,GPM,553.4000,720.0000,41,ERO,Grant,T20.0N/R30.0E/32,,S2,3,Well,3,Groundwater
CG3-25235C(B)(SC22),6804774,G3-25235(B),,,"Hyer, John ",Inactive,Change-ROE,Expired,02/01/2022,Irrigation,,738.3000,GPM,553.4000,720.0000,41,ERO,Grant,T20.0N/R30.0E/32,,S2,3,Well,3,Groundwater
CG3-25235C(B)(SC23),6805446,G3-25235(B),,,"Hyer, John ",Inactive,Change-ROE,Expired,02/14/2023,Irrigation,,738.3000,GPM,553.4000,720.0000,41,ERO,Grant,T20.0N/R30.0E/32,,S2,3,Well,3,Groundwater
CG3-25235C(B)(SC24),6805973,G3-25235(B),,,"Hyer, John ",Inactive,Change Application,Withdrawn,02/16/2024,Irrigation,,738.3000,GPM,553.4000,720.0000,41,ERO,Grant,T20.0N/R30.0E/32,,S2,3,Well,3,Groundwater
CG3-25235C(B)(SC25),6806816,G3-25235(B),,,"Hyer, John ",Active,Change Application,AppAccepted,02/20/2025,Irrigation,,738.3000,GPM,553.4000,720.0000,41,ERO,Grant,T20.0N/R30.0E/32,,S2,3,Well,3,Groundwater
CG3-25235C(C),6799411,G3-25235(C),,,"Hyer, John ",Inactive,Change-ROE,Final,06/13/2014,Irrigation,,205.3000,GPM,154.3000,200.0000,41,ERO,Lincoln,T21.0N/R31.0E/15,SW,NE,4,Well,4,Groundwater
CG3-25235C(C)(SC18),6801242,G3-25235(C),,,"Hyer, John ",Inactive,Change-ROE,Expired,01/17/2018,Irrigation,,205.3000,GPM,154.3000,200.0000,41,ERO,Lincoln,T21.0N/R31.0E/15,SW,NE,4,Well,4,Groundwater
CG3-25235C(C)(SC20),6802809,G3-25235(C),,,"Hyer, John ",Inactive,Change-ROE,Expired,02/04/2020,Irrigation,,205.3000,GPM,154.3000,200.0000,41,ERO,Lincoln,T21.0N/R31.0E/15,SW,NE,4,Well,4,Groundwater
CG3-25235C(C)(SC22),6804384,G3-25235(C),,,"Hyer, John ",Inactive,Change-ROE,Expired,02/01/2022,Irrigation,,205.3000,GPM,154.3000,200.0000,41,ERO,Grant,T20.0N/R30.0E/32,,S2,3,Well,3,Groundwater
CG3-25235C(C)(SC24),6805934,G3-25235(C),,,"Hyer, John ",Inactive,Change-ROE,Expired,02/16/2024,Irrigation,,205.3000,GPM,154.3000,200.0000,41,ERO,Grant,T20.0N/R30.0E/32,,S2,3,Well,3,Groundwater
CG3-25235C(C)(SC25),6806815,G3-25235(C),,,"Hyer, John ",Active,Change Application,AppAccepted,02/20/2025,Irrigation,,205.3000,GPM,154.3000,200.0000,41,ERO,Grant,T20.0N/R30.0E/32,,S2,3,Well,3,Groundwater
CG3-25235C(C)@1,6801758,G3-25235(C),,,"Hyer, John ",Inactive,Change-ROE,Final,11/30/2018,Irrigation,,205.3000,GPM,154.3000,200.0000,41,ERO,Grant,T20.0N/R30.0E/32,,S2,3,Well,3,Groundwater
CG3-25630G,6805026,G3-25630   G,,,Stahl Hutterian Brethren Trust,Active,Change-ROE,BC,03/08/2023,Irrigation,,1000.0000,GPM,,195.0000,41,ERO,Adams,T19.0N/R33.0E/08,SW,SE,4,Well,4,Groundwater
CG3-25690C@1,6460199,G3-25690C,,,WA Ecology Department,Inactive,Change-ROE,Final,01/30/2015,"Mitigation,Groundwater Preservation,Instream Flow",,1625.0000,GPM,122.5000,,57,ERO,Spokane,T25.0N/R43.0E/13,SE,SE,2,Well,2,Groundwater
CG3-26155(C)@1,6800367,,,,Segale Properties LLC,Active,Change-ROE,DonationAccept,12/02/2016,"Irrigation,Groundwater Preservation",,788.0000,GPM,330.0000,159.0000,41,ERO,Grant,T17.0N/R27.0E/25,SW,NE,1,Well,1,Groundwater
CG3-28030C(A)@4,4673163,G3-28030(A),,,"Byerley, Russell ",Active,Change-ROE,PA Exam,10/22/2008,"Irrigation,Irrigation",,656.0000,GPM,194.8400,403.6000,32,ERO,Walla Walla,T07.0N/R34.0E/24,SE,SE,3,Well,3,Groundwater
CG3-28030C(A)@6,6718606,G3-28030(A),WALL-15-04,,"Curcio Farms, LLC",Inactive,Change-ROE,Final,08/05/2015,Irrigation,,102.0000,GPM,108.0000,45.0000,32,ERO,Walla Walla,T07.0N/R34.0E/33,,NE,1,Well,1,Groundwater
CG3-28146C@2,4726863,G3-28146C,,,WA Ecology Dept - Wenatchee,Inactive,Change-ROE,DonationExpired,04/04/2011,"Instream Flow,Mitigation,Instream Flow,Instream Flow,Instream Flow,Instream Flow,Instream Flow,Instream Flow",,,,2357.0000,,32,ERO,Walla Walla,T07.0N/R31.0E/11,W2,SW,5,Well,5,Groundwater
CG3-28146C@3,6803279,,,,WA Ecology Dept - Union Gap,Active,Change-ROE,ROE-ROD,12/02/2020,"Instream Flow,Mitigation",,4134.0000,GPM,2357.0000,,32,ERO,Walla Walla,T07.0N/R31.0E/14,,E2,2,Well,2,Groundwater
CG3-28683C@2,4727047,G3-28683C,,,WA Ecology Dept - Wenatchee,Inactive,Change-ROE,DonationExpired,04/04/2011,"Instream Flow,Mitigation,Instream Flow,Instream Flow,Instream Flow,Instream Flow,Instream Flow,Instream Flow,Groundwater Preservation",,,,746.0000,,32,ERO,Walla Walla,T07.0N/R31.0E/11,W2,SW,5,Well,5,Groundwater
CG4-GWC5329-A,6804864,05329,,,K V Ranch Inc,Inactive,Trust Water Temporary Donation,DonationExpired,01/24/2025,Groundwater Preservation,,128.0000,GPM,77.0000,,44,CRO,Douglas,T22.0N/R23.0E/32,NW,SE,1,Well,1,Groundwater
CG4-GWC6200-A,5404676,06200,,,US Bureau Reclamation - Yakima,Active,Change-ROE,ROE-ROD,08/10/2012,"Groundwater Preservation,Instream Flow",,35.0000,GPM,10.0000,,37,CRO,Yakima,T13.0N/R19.0E/28,NE,SW,1,Well,1,Groundwater
CG4-GWC6309-A,6803116,06309,YAKI-20-04,,Wooden Shoe LLC,Active,Change Application,AppAccepted,07/21/2020,"Instream Flow,Groundwater Preservation",,316.0000,GPM,150.0000,60.0000,37,CRO,Yakima,T11.0N/R21.0E/05,SE,SW,1,Well,1,Groundwater
CG4-GWC691-D,2032872,00691,,,"Fisher, William M",Active,Change-ROE,PA Notice,07/01/1998,"Irrigation,Domestic Single,Irrigation,Domestic Multiple",,246.8400,GPM,81.2500,25.0000,49,CRO,Okanogan,T31.0N/R25.0E/10,SW,SW,2,Well,2,Groundwater
CG4-GWC977-D@2,5965167,00977,,,Gebbers Farms Inc c/oTory Wulf,Inactive,Trust Water Temporary Donation,DonationExpired,09/27/2013,"Instream Flow,Groundwater Preservation",,247.0000,GPM,25.3400,,50,CRO,Douglas,T30.0N/R25.0E/29,NW,NW,3,Well,3,Groundwater
CS1-*07323C,6556096,02646,,,CMF Properties Management LLC,Inactive,Change-ROE,Final,03/24/2015,"Irrigation,Irrigation",,0.2500,CFS,40.3000,57.3000,1,NWRO,Whatcom,T40.0N/R02.0E/23,NW,NE,17,Well,17,Groundwater
CS1-*07988C,2272131,03131,,,Maple Falls Water Cooperative,Inactive,Change-ROE,Final,04/17/1995,Municipal,188,89.8000,GPM,67.0000,,1,NWRO,Whatcom,T40.0N/R06.0E/30,NE,SW,1,Well,1,Groundwater
CS1-*09196C,6798863,03751,,,"Lakeland Farms Llc,  ",ChangeInProgress,Change-ROE,CC,02/10/2016,"Irrigation,Irrigation",,0.5000,CFS,101.8000,380.3000,1,NWRO,Whatcom,T40.0N/R02.0E/27,SW,SW,6,Well,6,Groundwater
CS1-*10053C,6798859,04696,,,"Lakeland Farms Llc,  ",ChangeInProgress,Change-ROE,CC,02/10/2016,"Irrigation,Irrigation",,0.4000,CFS,50.0000,380.3000,1,NWRO,Whatcom,T40.0N/R02.0E/27,SW,SW,6,Well,6,Groundwater
CS1-22265C,6420271,S1-22265   C,,,"Lakeland Farms Llc,  ",ChangeInProgress,Change-ROE,CC,01/15/2015,"Irrigation,Irrigation",,360.0000,GPM,72.5000,380.3000,1,NWRO,Whatcom,T40.0N/R02.0E/27,SW,SW,6,Well,6,Groundwater
CS1-22265C@1,6803907,S1-22265   C,,,Enfield Farms Inc,Active,Change-ROE,ChangeInProgress,09/03/2021,"Irrigation,Irrigation",,360.0000,GPM,72.5000,380.3000,1,NWRO,Whatcom,T40.0N/R02.0E/27,SW,SW,10,Well,10,Groundwater
CS1-SWC3751@1,6803905,03751,,,Enfield Farms Inc,Active,Change-ROE,ChangeInProgress,09/03/2021,"Irrigation,Irrigation",,224.0000,GPM,101.8000,380.3000,1,NWRO,Whatcom,T40.0N/R02.0E/27,SW,SW,10,Well,10,Groundwater
CS1-SWC4696@1,6803906,04696,,,Enfield Farms Inc,Active,Change-ROE,ChangeInProgress,09/03/2021,"Irrigation,Irrigation",,0.4000,CFS,50.0000,380.3000,1,NWRO,Whatcom,T40.0N/R02.0E/27,SW,SW,10,Well,10,Groundwater
CS3-*12092C(A)@1(C),6802399,5772,DOUG-13-01,,Pierre Renton Properties LLC,Active,Change-ROE,BC,02/22/2013,Instream Flow,,0.2200,CFS,61.4700,,44,CRO,Douglas,T26.0N/R21.0E/12,NE,NE,2,Well,2,Groundwater
CS3-*12092C(A)@4,6802230,05772,BENT-19-03,,Lake Wallula Vineyards LLC,Active,Change-ROE,CC,05/21/2019,"Irrigation,Recreation - Beautification,Instream Flow",,1.0000,CFS,351.7700,240.0000,31,CRO,Benton,T06.0N/R30.0E/27,SE,NE,4,Well,4,Groundwater
CS3-*12092C(C)@2,6798872,5772,KLIC-15-09,,Horse Heaven Hills Conservancy LLC,Active,Change-ROE,BC,12/17/2015,"Irrigation,Instream Flow",,0.1800,CFS,40.0000,35.0000,53,CRO,Lincoln,T28.0N/R33.0E/13,SW,SW,1,Well,1,Groundwater
CS4-00169CTCL@3,4275467,,KITT-06-10,,Col Solare LLC,Inactive,Change-ROE,Superseded,06/09/2006,"Irrigation,Instream Flow",,2.2000,CFS,250.8000,192.0000,37,CRO,Benton,T09.0N/R27.0E/05,SW,SW,1,Well,1,Groundwater
CS4-162057CL,5320009,,,,Trout Unlimited-Washington Water Project,Active,Change-ROE,ROE-ROD,06/15/2012,"Irrigation,Instream Flow",,2.9200,GPM,184.7000,153.0000,49,CRO,Okanogan,T40.0N/R27.0E/12,SW,SW,2,Well,2,Groundwater
CS4-CV1P21,5600403,S4-*02006JC,,,Roaring Creek Water Users,Active,Change-ROE,NA,12/06/2012,"Instream Flow,Irrigation",,21.5000,GPM,7.7000,1.9000,46,CRO,Chelan,T25.0N/R20.0E/03,SW,SW,1,Well,1,Groundwater
G1-*00443C,6803760,00789,,,CMF Properties Management LLC,Active,Superseding Certificate,Final,01/30/1947,"Irrigation,Irrigation",,160.0000,GPM,47.5000,430.7000,1,NWRO,Whatcom,T40.0N/R02.0E/23,NE,SE,4,Well,4,Groundwater
G1-*00671C(C),6802775,00330,,,WA Ecology Dept,ChangeInProgress,Superseding Certificate,Final,11/22/1947,"Groundwater Preservation,Instream Flow",,300.0000,GPM,100.0000,,7,NWRO,Snohomish,T27.0N/R06.0E/11,SW,SE,1,Well,1,Groundwater
G1-*00929,6803761,00866,,,CMF Properties Management LLC,Active,Superseding Certificate,Final,06/19/1948,"Irrigation,Irrigation",,160.0000,GPM,40.0000,430.7000,1,NWRO,Whatcom,T40.0N/R02.0E/23,NW,NE,11,Well,11,Groundwater
G1-*02160C,2282026,01244,,,WA State Ecology Dept ,Active,Certificate,Final,10/01/1951,"Groundwater Preservation,Instream Flow",,500.0000,GPM,167.2000,,8,NWRO,King,T26.0N/R05.0E/34,SW,SE,2,Well,2,Groundwater
G1-*02369C(B),6800906,02369,,,WA Ecology Dept,Active,Change-ROE,Final,04/03/2006,"Instream Flow,Mitigation",,40.4000,GPM,17.4000,,9,NWRO,King,T22.0N/R04.0E/04,SW,SE,1,Well,1,Groundwater
G1-*02369C(C),6800907,02369,,,WA Ecology Dept,Active,Change-ROE,Final,02/09/1949,"Instream Flow,Mitigation",,53.9000,GPM,22.9000,,9,NWRO,King,T22.0N/R04.0E/04,SW,SE,1,Well,1,Groundwater
G1-*05151C,6803762,03960,,,CMF Properties Management LLC,Active,Superseding Certificate,Final,03/03/1959,"Irrigation,Irrigation",,175.0000,GPM,84.0000,430.7000,1,NWRO,Whatcom,T40.0N/R02.0E/23,NW,NE,11,Well,11,Groundwater
G1-*05827,6805278,04228,,,"Timeless Villages, LLC",ChangeInProgress,Superseding Certificate,Final,02/06/1961,"Irrigation,Stockwater,Commercial and Industrial",,436.0000,GPM,101.3000,50.0000,5,NWRO,Snohomish,T31.0N/R06.0E/04,SW,SW,4,Well,4,Groundwater
G1-*05827(A),6806114,04228,,,"Timeless Villages, LLC",Active,Superseding Certificate,Pending,02/06/1961,"Irrigation,Stockwater,Commercial and Industrial",,419.7540,GPM,95.2930,48.3000,5,NWRO,Snohomish,T31.0N/R06.0E/04,SW,SW,4,Well,4,Groundwater
G1-*05827(B),6806115,04228,,,"Timeless Villages, LLC",Active,Superseding Certificate,Pending,02/06/1961,"Irrigation,Stockwater,Commercial and Industrial",,16.2460,GPM,5.9570,1.7000,5,NWRO,Snohomish,T31.0N/R06.0E/04,SW,SW,4,Well,4,Groundwater
G1-*10817C,6803763,07298,,,CMF Properties Management LLC,Active,Superseding Certificate,Final,04/28/1970,"Irrigation,Irrigation",,150.0000,GPM,46.7000,430.7000,1,NWRO,Whatcom,T40.0N/R02.0E/23,NW,NE,11,Well,11,Groundwater
G1-00415CWRIS,2274238,G1-00415C,,,Evergreen Retreat MHP,Active,Certificate,Final,08/11/1971,Domestic Multiple,17,22.4000,GPM,3.5000,,1,NWRO,Whatcom,T37.0N/R03.0E/09,NW,NW,1,Ground Water Collector,1,Groundwater
G1-00740,2285598,,,,Sandy Point Improvement Co,Active,Permit,PA Notice,08/05/1971,Domestic Multiple,1015,230.0000,GPM,143.0000,,1,NWRO,Whatcom,T38.0N/R01.0E/04,SW,NW,1,Well,1,Groundwater
G1-060050CL,6803764,,,,CMF Properties Management LLC,Active,Certificate of Change,Final,01/01/1940,"Irrigation,Irrigation",,120.0000,GPM,5.5000,430.7000,1,NWRO,Whatcom,T40.0N/R02.0E/23,NW,NE,11,Well,11,Groundwater
G1-20041CWRIS,2280167,G1-20041   C,,,Camano City Community Club,ChangeInProgress,Certificate,NA,03/28/1972,Domestic Multiple,,99.0000,GPM,109.6000,,6,NWRO,Island,T31.0N/R02.0E/14,,,1,Well,1,Groundwater
G1-20373CWRIS,2280265,G1-20373   C,,,Goss Lake Park Community Club,Active,Certificate,Final,11/30/1972,"Domestic Multiple,Fire Protection",,80.0000,GPM,57.0000,,6,NWRO,Island,T30.0N/R03.0E/31,,,1,Well,1,Groundwater
G1-20701CWRIS,2280045,G1-20701   C,,,"Visser, William D",ChangeInProgress,Certificate,ChangeInProgress,06/12/1973,Irrigation,1,200.0000,GPM,140.0000,70.0000,1,NWRO,Whatcom,T40.0N/R04.0E/05,SW,NW,1,Well,1,Groundwater
G1-22077C,6803765,G1-22077   C,,,CMF Properties Management LLC,Active,Superseding Certificate,Final,09/03/1974,"Irrigation,Irrigation",,100.0000,GPM,38.5000,430.7000,1,NWRO,Whatcom,T40.0N/R02.0E/23,SE,SE,4,Well,4,Groundwater
G1-22387C,6270988,G1-22387   C,,,WA State Ecology Dept ,Active,Superseding Certificate,Final,10/09/2012,"Instream Flow,Groundwater Preservation,Mitigation",,13.0000,GPM,10.0700,,3,NWRO,Skagit,T34.0N/R04.0E/25,SE,SW,1,Well,1,Groundwater
G1-22388C,6270999,G1-22388   C,,,WA State Ecology Dept ,Active,Superseding Certificate,Final,10/09/2012,"Instream Flow,Groundwater Preservation,Mitigation",,14.0000,GPM,11.0700,,3,NWRO,Skagit,T34.0N/R04.0E/25,SE,SW,1,Well,1,Groundwater
G1-22389C,6271010,G1-22389   C,,,WA State Ecology Dept ,Active,Superseding Certificate,Final,10/09/2012,"Instream Flow,Groundwater Preservation,Mitigation",,16.0000,GPM,12.4200,,3,NWRO,Skagit,T34.0N/R04.0E/25,SW,SW,1,Well,1,Groundwater
G1-22932CWRIS,2279447,G1-22932   C,,,Bremerton City,Active,Certificate,Final,08/11/1977,Domestic Multiple,,600.0000,GPM,960.0000,,15,NWRO,Kitsap,T24.0N/R01.0E/33,NE,SW,1,Well,1,Groundwater
G1-22933CWRIS,2279448,G1-22933   C,,,Bremerton City,Active,Certificate,Final,08/11/1977,Domestic Multiple,,280.0000,GPM,448.0000,,15,NWRO,Kitsap,T25.0N/R01.0E/22,NE,SE,1,Well,1,Groundwater
G1-23272,6802569,,,,O.D. Crittenden for Preston Industrial Park,Active,Certificate,Superseded,12/06/1978,"Commercial and Industrial,Fire Protection",,75.0000,GPM,67.0000,,8,NWRO,King,T24.0N/R07.0E/32,NE,NE,1,Well,1,Groundwater
G1-23272(A),6802571,,,,Preston Industrial Park Water Association (PIPWA),Active,Superseding Certificate,Final,12/06/1978,"Commercial and Industrial,Fire Protection,Domestic Multiple",,75.0000,GPM,40.4000,,8,NWRO,King,T24.0N/R07.0E/29,SE,SW,2,Well,2,Groundwater
G1-23272(B),2285581,,,,Preston Industrial Park Water Association (PIPWA),Active,Certificate,Final,12/06/1978,"Commercial and Industrial,Fire Protection",,75.0000,GPM,26.6000,,8,NWRO,King,T24.0N/R07.0E/29,SE,SW,2,Well,2,Groundwater
G1-23272C(A),4564164,,,,Preston Industrial Park Water Association (PIPWA),Active,Certificate,Final,12/06/1978,"Commercial and Industrial,Fire Protection",,75.0000,GPM,67.0000,,8,NWRO,King,T24.0N/R07.0E/29,SE,SW,1,Well,1,Groundwater
G1-24550CWRIS,2278557,G1-24550   C,,,Sanderson & Associates Inc,Active,Certificate,NA,09/06/1984,Domestic Multiple,,50.0000,GPM,6.6000,,15,NWRO,Kitsap,T26.0N/R02.0E/04,SW,NW,1,Well,1,Groundwater
G1-24633CWRIS,2278604,G1-24633   C,,,City of Issaquah,InTrustTemp,Certificate,InTrustTemporary,04/02/1985,Municipal,16178,1000.0000,GPM,1600.0000,,8,NWRO,King,T24.0N/R06.0E/28,NW,NE,1,Well,1,Groundwater
G1-25149CWRIS,2278510,G1-25149   C,,,Goss Lake Park Community Club,Active,Certificate,Final,12/16/1987,"Domestic Multiple,Fire Protection",,80.0000,GPM,57.0000,,6,NWRO,Island,T30.0N/R03.0E/31,NW,SW,1,Well,1,Groundwater
G1-25214CWRIS,2278539,G1-25214   C,,,Muckleshoot Indian Tribe,Active,Certificate,Final,03/29/1988,"Domestic Multiple,Fish Propagation",,1950.0000,GPM,0.5000,,10,NWRO,King,T20.0N/R06.0E/35,SE,SE,6,Well,6,Groundwater
G1-25463,2271820,,,,Whatcom Cnty PUD 1,Active,Superseding Permit,CC,07/08/1993,"Commercial and Industrial,Fire Protection",,116.0000,GPM,92.8000,,1,NWRO,Whatcom,T39.0N/R02.0E/06,SW,SW,4,Well,4,Groundwater
G1-25518,2272155,,,,Auburn City Public Works Dept,Active,Certificate,Final,10/10/1989,Municipal,,167.0000,GPM,0.0000,,10,NWRO,King,T21.0N/R05.0E/31,SE,SE,1,Well,1,Groundwater
G1-25664,2285255,,,,North Perry Avenue Water Dist,Active,Permit,PA Notice,04/02/1990,Municipal,,300.0000,GPM,338.0000,,15,NWRO,Kitsap,T25.0N/R01.0E/25,NE,SW,1,Well,1,Groundwater
G1-25954,2282625,,,,Maury Mutual Water Co,Active,Certificate,Final,04/09/1991,Domestic Multiple,100,50.0000,GPM,50.0000,,15,NWRO,King,T22.0N/R03.0E/15,NE,SW,1,Well,1,Groundwater
G1-25998,2285313,,,,Sandy Point Improvement Co,Inactive,Permit,Superseded,01/07/1991,Domestic Multiple,748,230.0000,GPM,143.0000,,1,NWRO,Whatcom,T38.0N/R01.0E/04,SW,NW,1,Well,1,Groundwater
G1-25998,5281083,,,,Sandy Point Improvement Co,Active,Superseding Permit,PA Notice,01/07/1991,Domestic Multiple,748,230.6200,GPM,143.5000,,1,NWRO,Whatcom,T39.0N/R01.0E/34,NE,SW,2,Well,2,Groundwater
G1-26331,4185592,,,,Holbeck Limited Partnership,ChangeInProgress,Permit,PA Notice,09/25/1991,Domestic Multiple,,75.0000,GPM,39.5000,,6,NWRO,Island,T31.0N/R02.0E/01,NW,NE,1,Well,1,Groundwater
G1-26411,2285756,,,,Teronda West Country Club Association,Active,Permit,PA Notice,12/13/1991,"Domestic Multiple,Domestic Multiple","146,146",72.0000,GPM,32.0000,,6,NWRO,Island,T31.0N/R02.0E/32,SW,NW,2,Well,2,Groundwater
G1-26684,2272064,,,,"Veit, Manferd E",Active,Permit,PA Notice,07/16/1992,"Commercial and Industrial,Domestic Multiple",,55.0000,GPM,7.0000,,6,NWRO,Island,T28.0N/R03.0E/02,NW,SE,1,Well,1,Groundwater
G1-26702,2285002,,,,Hood Canal Vista Association Inc,Active,Permit,PA Notice,06/22/1992,Domestic Multiple,35,60.0000,GPM,23.5000,,15,NWRO,Kitsap,T25.0N/R02.0W/26,SW,SW,1,Well,1,Groundwater
G1-26731,2285019,,,,Kitsap Cnty PUD 1,Inactive,Permit,Superseded,09/15/1992,"Municipal,Municipal,Fire Protection",,52.0000,GPM,48.0000,,15,NWRO,Kitsap,T23.0N/R01.0E/15,NE,SW,2,Well,2,Groundwater
G1-26933,2282699,,,,Washington Water Service Co,Active,Permit,CC,02/12/1993,Municipal,50,50.0000,GPM,25.0000,,15,NWRO,Kitsap,T23.0N/R01.0E/23,NE,NE,1,Well,1,Groundwater
G1-26973,2284896,,,,Cascadia Water LLC,Active,Permit,PA Notice,02/11/1993,Domestic Multiple,210,100.0000,GPM,65.0000,,6,NWRO,Island,T32.0N/R01.0E/06,SE,SE,1,Well,1,Groundwater
G1-27031,4189074,,,,Ames Lake Water Association,Inactive,Permit,Superseded,09/07/1994,Domestic Multiple,,280.0000,GPM,316.0000,,7,NWRO,King,T25.0N/R07.0E/07,SW,SE,1,Well,1,Groundwater
G1-27031P,5039438,,,,Ames Lake Water Association,Active,Superseding Permit,PA Notice,09/07/1994,"Municipal,Municipal,Municipal,Stream Augmentation,Stream Augmentation,Stream Augmentation,Stream Augmentation",,210.0000,GPM,88.0000,,7,NWRO,King,T25.0N/R07.0E/07,SW,SE,1,Well,1,Groundwater
G1-27091,2284696,,,,Holmquist Hazelnut Orchards,Active,Permit,CC,04/23/1993,Irrigation,,300.0000,GPM,,200.0000,1,NWRO,Whatcom,T41.0N/R03.0E/36,NE,SE,2,Well,2,Groundwater
G1-27092,2284697,,,,Hood Canal Vista Association Inc,Active,Permit,PA Notice,04/26/1993,Domestic Multiple,45,37.5000,GPM,23.5000,,15,NWRO,Kitsap,T25.0N/R02.0W/35,NW,NW,1,Well,1,Groundwater
G1-27209,2284249,,,,"Plagerman, Arlyn L",Active,New Application,AppAccepted,06/24/1993,"Irrigation,Stockwater",,280.0000,GPM,36.0000,18.0000,1,NWRO,Whatcom,T39.0N/R03.0E/07,,NW,1,Infiltration Trench,1,Infiltration Trench
G1-27219,2285524,,,,Harbor Hills Water,Active,Permit,CC,06/29/1993,"Domestic Multiple,Commercial and Industrial,Irrigation",,100.0000,GPM,33.0000,,6,NWRO,Island,T29.0N/R02.0E/03,NE,NW,1,Well,1,Groundwater
G1-27330,2284573,,,,"Brown, Nancy ",Inactive,New Application,Withdrawn,09/24/1993,"Domestic Single,Irrigation",,10.0000,GPM,,5.0000,5,NWRO,Snohomish,T32.0N/R04.0E/22,NW,NW,1,Well,1,Groundwater
G1-27358,2284595,,,,Wing Point Golf & Country Club,Active,Permit,PA Notice,11/29/1993,Irrigation,,100.0000,GPM,51.0000,75.0000,15,NWRO,Kitsap,T25.0N/R02.0E/26,NE,NE,2,Well,2,Groundwater
G1-27568,2284449,,,,Harbor Water Co Inc,Active,Report of Examination,ROE-ROD,12/15/1994,Municipal,2911,80.0000,GPM,17.6000,,15,NWRO,Kitsap,T22.0N/R02.0E/09,NE,SE,1,Well,1,Groundwater
G1-27580,2224201,,,,Startup Water Dist,Active,Permit,PA Notice,01/26/1995,Municipal,309,50.0000,GPM,80.0000,,7,NWRO,Snohomish,T28.0N/R08.0E/36,NW,SW,2,Well,2,Groundwater
G1-27582,2282471,,,,Kitsap Cnty PUD 1,Active,Permit,PA Notice,10/13/1994,Municipal,351,260.0000,GPM,152.4000,,15,NWRO,Kitsap,T23.0N/R02.0E/17,E2,,5,Well,5,Groundwater
G1-27588,2282807,,,,San Juan Fairways 3 Owners Association,Active,Permit,CC,03/06/1995,"Domestic Multiple,Domestic Multiple",,48.0000,GPM,14.0000,,2,NWRO,San Juan,T35.0N/R03.0W/26,NW,SE,3,Well,3,Groundwater
G1-27601,2283095,,,,Washington Water Service Co,Active,Report of Examination,Pending,03/22/1995,Municipal,,60.0000,GPM,30.0000,,15,NWRO,Kitsap,T23.0N/R01.0E/13,SW,SW,1,Well,1,Groundwater
G1-27649,2282802,,,,Arbor Fund (Bloedel Reserve),Active,Permit,PA Notice,08/11/1995,"Domestic Multiple,Irrigation,Irrigation",,200.0000,GPM,120.0000,90.0000,15,NWRO,Kitsap,T26.0N/R02.0E/33,NW,NE,1,Well,1,Groundwater
G1-27669,2272092,,,,Rainbow Trout Club,Active,Permit,PA Notice,09/29/1995,Domestic Multiple,21,40.0000,GPM,7.6000,,9,NWRO,King,T21.0N/R07.0E/10,SE,NW,1,Well,1,Groundwater
G1-27739,2285647,,,,Port Susan Terrace Association,Active,Permit,PA Notice,05/10/1996,Domestic Multiple,42,24.0000,GPM,27.2000,,6,NWRO,Island,T31.0N/R03.0E/33,SE,SW,2,Well,2,Groundwater
G1-27950,2224054,,,,Snohomish Cnty Parks & Recreation Dept,Active,Permit,PA Notice,07/01/1998,"Domestic Multiple,Irrigation","37,37",60.0000,GPM,8.0000,2.0000,5,NWRO,Snohomish,T31.0N/R03.0E/36,NW,NE,2,Well,2,Groundwater
G1-28007,2224133,,,,"Petry, Ken ",Active,Permit,CC,10/15/1998,"Commercial and Industrial,Domestic Multiple,Irrigation",,40.0000,GPM,2.8000,1.5900,6,NWRO,Island,T30.0N/R02.0E/08,SE,SE,1,Well,1,Groundwater
G1-28149,2285541,,,,"Varga-Barber, Faith ",Active,Permit,CC,08/15/2002,"Domestic Multiple,Commercial and Industrial","42,42",26.0000,GPM,15.0000,,2,NWRO,San Juan,T35.0N/R02.0W/14,SW,NW,2,Well,2,Groundwater
G1-28216,4199945,,,,Port of Coupeville,Active,Permit,PA Notice,08/04/2004,"Domestic Multiple,Commercial and Industrial",,28.0000,GPM,4.0000,,6,NWRO,Island,T30.0N/R02.0E/05,NE,SE,1,Well,1,Groundwater
G1-28261,4238728,,,,Sandberg Water Association,Active,Permit,CC,06/27/2005,Municipal,36,19.0000,GPM,14.0000,,6,NWRO,Island,T31.0N/R02.0E/18,NE,SE,2,Well,2,Groundwater
G1-28293,4243978,,,,Admirals Cove Water District,Active,Permit,CC,09/08/2005,Municipal,,440.0000,GPM,158.0000,,6,NWRO,Island,T31.0N/R02.0E/19,NW,NW,3,Well,3,Groundwater
G1-28462,4291244,,,,Camano Hills Water Company Inc,Active,New Application,AppAccepted,09/05/2006,"Municipal,Municipal",,125.0000,GPM,49.5000,,6,NWRO,Island,T31.0N/R02.0E/01,NW,NE,1,Well,1,Groundwater
G1-28489,4341866,,,,Washington Water Service Co,Active,Permit,PA Notice,03/01/2007,Municipal,26,20.0000,GPM,7.4000,,15,NWRO,Kitsap,T25.0N/R02.0E/03,NE,SW,2,Well,2,Groundwater
G1-28778,6205060,,,,Westside Water Association,Active,Permit,CC,04/21/2014,Municipal,,130.0000,GPM,150.0000,,15,NWRO,King,T23.0N/R02.0E/24,NE,SE,2,Well,2,Groundwater
G1-28810,6779086,,,,Vashon Maury Island Park & Recreation,Active,Permit,PA Notice,11/09/2015,"Irrigation,Irrigation",,30.0000,GPM,12.0000,,15,NWRO,King,T23.0N/R03.0E/20,SW,SW,1,Well,1,Groundwater
G1-28845,6800551,,,,YMCA of Greater Seattle,Active,Permit,PA Notice,08/08/2017,Domestic Multiple,30,35.0000,GPM,24.0000,5.0000,2,NWRO,San Juan,T37.0N/R02.0W/15,NE,NE,1,Well,1,Groundwater
G1-28857,6800925,,,,Sea Breeze Water System,Active,Permit,CC,01/12/2018,"Domestic Multiple,Commercial and Industrial,Irrigation,Stockwater",,39.0000,GPM,,22.6000,2,NWRO,San Juan,T35.0N/R03.0W/23,NW,NW,4,Well,4,Groundwater
G1-28918,6802522,,,,"Brouwer, Brook  ",Active,Permit,CC,10/24/2019,Irrigation,,7.0000,GPM,2.5000,16.0000,2,NWRO,San Juan,T35.0N/R03.0W/22,SW,SE,1,Well,1,Groundwater
G1-29295,6803089,,,,Lopez School District,Active,Permit,CC,02/11/2020,"Municipal,Commercial and Industrial,Irrigation",,20.0000,GPM,6.2000,5.0000,2,NWRO,San Juan,T35.0N/R02.0W/26,SW,SE,3,Well,3,Groundwater
G1-29303,6803202,,,,"Higgins, Ryan J",Active,Permit,CC,09/18/2020,"Irrigation,Irrigation",,103.1000,GPM,48.8000,26.0000,6,NWRO,Island,T33.0N/R02.0E/26,,,2,Well,2,Groundwater
G1-29397,6803750,,,,"Piehl, Douglas ",Active,New Application,AppAccepted,06/21/2021,"Domestic Multiple,Irrigation,Stockwater,Commercial and Industrial",,29.0000,GPM,12.1200,6.0000,15,NWRO,Kitsap,T23.0N/R02.0E/11,NW,SW,2,Well,2,Groundwater
G1-29421,6804300,,,,Michael McNutt SUCC TTEE,Inactive,New Application,Rejected,12/21/2021,"Irrigation,Irrigation","1,1",10.0000,GPM,3.2500,5.5000,2,NWRO,San Juan,T35.0N/R02.0W/19,,,1,Well,1,Groundwater
G1-29478,6805012,,,,4th Seed Farm,Active,New Application,AppAccepted,03/06/2023,"Irrigation,Stockwater","2,2",140.0000,GPM,50.0000,14.0000,2,NWRO,San Juan,T36.0N/R02.0W/04,NE,NE,2,Well,2,Groundwater
G1-29491,6805157,,,,"Miracle Mine, LLC",Active,Permit,CC,04/28/2023,"Commercial and Industrial,Commercial and Industrial",,400.0000,GPM,171.0000,0.0000,6,NWRO,Island,T31.0N/R01.0E/01,SW,SE,3,Well,3,Groundwater
G1-29522,6805447,,,,"Bishop, Rachel ",Active,New Application,Amended,08/01/2023,"Irrigation,Stockwater",,120.0000,GPM,67.0000,18.6000,2,NWRO,San Juan,T36.0N/R02.0W/04,NW,NE,2,Well,2,Groundwater
G1-29606,6806395,,,,Hannah Heights Owners Association,Active,New Application,Amended,08/22/2024,Domestic Multiple,44,22.4000,GPM,22.5000,,2,NWRO,San Juan,T35.0N/R03.0W/30,NE,SW,8,Well,8,Groundwater
G1-29612,6806472,,,,"Gray, Steven Kenneth",Inactive,New Application,Rejected,10/01/2024,"Domestic Single,Irrigation","2,1",30.0000,GPM,1.9800,1.0000,1,NWRO,Whatcom,T39.0N/R03.0E/30,,,1,Well,1,Groundwater
G2-*03623CWRIS,2219984,02538,,,Container Corporation Of America,Active,Certificate,Final,05/17/1954,Commercial and Industrial,,500.0000,GPM,560.0000,,10,SWRO,Pierce,T20.0N/R03.0E/09,,,1,Well,1,Groundwater
G2-*09232CWRIS,2218843,06589,,,Ocean Shores City,Active,Certificate,Final,02/26/1968,Municipal,,1500.0000,GPM,784.0000,,22,SWRO,Grays Harbor,T17.0N/R12.0W/03,SE,SE,1,Well,1,Groundwater
G2-01087,4678765,G2-01087   C,,,Eatonville City,Active,Superseding Certificate,Final,08/18/1967,Municipal,,250.0000,GPM,400.0000,,11,SWRO,Pierce,T16.0N/R04.0E/23,NE,NE,4,Well,4,Groundwater
G2-20021@1,6130056,G2-20021,,,Tacoma City,Active,Superseding Certificate,Final,03/07/1972,Municipal,,1000.0000,GPM,800.0000,,12,SWRO,Pierce,T19.0N/R03.0E/11,SW,NE,1,Well,1,Groundwater
G2-20572,6129498,,,,Oakville City,Active,Superseding Certificate,Final,10/18/1972,Municipal,,500.0000,GPM,90.0000,,22,SWRO,Grays Harbor,T16.0N/R04.0W/30,SW,SW,1,Well,1,Groundwater
G2-20878,6126907,,,,Lacey City,Active,Superseding Certificate,Final,03/20/1973,Municipal,,200.0000,GPM,107.0000,,13,SWRO,Thurston,T18.0N/R01.0W/24,NE,NW,3,Well,3,Groundwater
G2-20879,6126928,,,,Lacey City,Active,Superseding Certificate,Final,03/20/1973,Municipal,,300.0000,GPM,160.0000,,13,SWRO,Thurston,T18.0N/R01.0W/24,NE,NW,3,Well,3,Groundwater
G2-23738,5358162,,,,Carrolls Water Association,ChangeInProgress,Superseding Certificate,ChangeInProgress,03/04/1975,Domestic Multiple,,40.0000,GPM,45.0000,,26,SWRO,Cowlitz,T07.0N/R01.0W/19,SE,NW,2,Well,2,Groundwater
G2-23869,6126803,,,,Lakewood Water District,Active,Superseding Certificate,Final,06/24/1975,Municipal,,1500.0000,GPM,1200.0000,,12,SWRO,Pierce,T20.0N/R02.0E/34,SW,NW,1,Well,1,Groundwater
G2-24469@2,5079896,G2-24469   C,,,Parkland Light & Water Co,Active,Superseding Certificate,Final,03/21/1977,Municipal,,350.0000,GPM,420.0000,,12,SWRO,Pierce,T19.0N/R03.0E/15,NW,NW,2,Well,2,Groundwater
G2-24502,4682060,,,,Spanaway Water Co,Active,Superseding Certificate,Final,04/07/1977,Municipal,,465.0000,GPM,744.0000,,12,SWRO,Pierce,T19.0N/R03.0E/33,SE,NE,1,Well,1,Groundwater
G2-25085C,2216170,G2-25085   C,,,Parkland Light & Water Co,Active,Certificate,Final,12/01/1978,"Municipal,Municipal",,2000.0000,GPM,1935.0000,,12,SWRO,Pierce,T18.0N/R03.0E/17,SE,SE,1,Well,1,Groundwater
G2-25636(B),4726629,G2-25636   C,,,Cougar Ridge Homeowners,Active,Permit,PA Notice,07/02/1980,Municipal,,180.0000,GPM,56.0000,,13,SWRO,Thurston,T17.0N/R03.0W/01,NW,NE,1,Well,1,Groundwater
G2-25866ALC,4679713,,,,Fox Island Mutual Water Association,Active,Superseding Certificate,Final,04/15/1981,Domestic Multiple,,260.0000,GPM,251.6000,,15,SWRO,Pierce,T20.0N/R01.0E/02,,,5,Well,5,Groundwater
G2-26097,4677789,,,,Mountain View-Edgewood Water Co,Active,Superseding Certificate,Final,02/26/1982,"Municipal,Municipal",,1200.0000,GPM,1776.0000,,10,SWRO,Pierce,T20.0N/R04.0E/10,SW,SW,3,Well,3,Groundwater
G2-26149,2221728,,,,Northwest Water Systems,Active,Permit,CC,05/07/1982,"Domestic Multiple,Fire Protection",,210.0000,GPM,52.0000,,15,SWRO,Pierce,T21.0N/R02.0E/05,,,5,Well,5,Groundwater
G2-26200,4677607,,,,Clallam Cnty PUD 1,Active,Superseding Certificate,Final,07/16/1982,Domestic Multiple,,100.0000,GPM,120.0000,,18,SWRO,Clallam,T30.0N/R03.0W/32,SW,NW,2,Well,2,Groundwater
G2-26232,2222739,,,,Mason Cnty PUD 1,Active,Permit,PA Notice,09/28/1982,"Municipal,Municipal",,600.0000,GPM,370.0000,120.0000,14,SWRO,Mason,T21.0N/R03.0W/09,,,2,Well,2,Groundwater
G2-26657,2221740,,,,Mountain View-Edgewood Water Co,Active,Certificate,Final,02/28/1985,Municipal,3700,1000.0000,GPM,800.0000,,10,SWRO,Pierce,T20.0N/R04.0E/16,NE,NW,2,Well,2,Groundwater
G2-26660(A),2221741,,,,Canterwood Water Co,Active,Certificate,Final,03/06/1985,Domestic Multiple,,90.0000,GPM,416.0000,,15,SWRO,Pierce,T22.0N/R01.0E/25,,,3,Well,3,Groundwater
G2-26815,2221212,,,,Tumwater City,Inactive,Certificate,Superseded,10/14/1985,Municipal,,250.0000,GPM,16.5000,,13,SWRO,Thurston,T17.0N/R02.0W/03,SE,SE,1,Well,1,Groundwater
G2-26815,4624498,,,,Tumwater City,Active,Superseding Certificate,Final,10/14/1985,Municipal,,250.0000,GPM,16.5000,,13,SWRO,Thurston,T17.0N/R02.0W/10,SW,SW,1,Well,1,Groundwater
G2-26947CWRIS,2215391,G2-26947   C,,,Valley Water District,Active,Certificate,Final,06/19/1986,Domestic Multiple,,25.0000,GPM,0.5000,,10,SWRO,Pierce,T19.0N/R05.0E/35,SE,SW,2,Well,2,Groundwater
G2-27015,2221755,,,,Thurston Cnty PUD 1,Active,Permit,PA Notice,11/17/1986,Domestic Multiple,99,175.0000,GPM,50.0000,,13,SWRO,Thurston,T19.0N/R01.0W/34,NW,NE,2,Well,2,Groundwater
G2-27128CWRIS,2215474,G2-27128   C,,,HODIS VINCENT & R,Active,Certificate,NA,06/03/1987,"Domestic Single,Irrigation",,15.0000,GPM,3.5000,1.5000,17,SWRO,Clallam,T30.0N/R02.0W/31,SE,NE,1,Well,1,Groundwater
G2-27217CWRIS,2215194,G2-27217   C,,,Olympia City,Active,Certificate,Final,08/13/1987,Domestic Multiple,,900.0000,GPM,1143.0000,,13,SWRO,Thurston,T18.0N/R01.0W/32,SE,SW,1,Well,1,Groundwater
G2-27265,2222491,,,,Kelso Elks Lodge 1482,Active,Certificate,Final,10/30/1987,"Irrigation,Irrigation",,710.0000,GPM,720.0000,47.0000,26,SWRO,Cowlitz,T07.0N/R02.0W/03,,,3,Well,3,Groundwater
G2-27459,2221030,,,,Vancouver City,Active,Certificate,Final,08/13/1986,Municipal,,1200.0000,GPM,968.0000,,28,SWRO,Clark,T02.0N/R02.0E/07,,,1,Well,1,Groundwater
G2-27480,2222516,,,,Grays Harbor Cnty Water District 7,ChangeInProgress,Permit,CC,12/07/1988,Domestic Multiple,,300.0000,GPM,140.0000,,21,SWRO,Grays Harbor,T20.0N/R12.0W/21,,,1,Well,1,Groundwater
G2-27492,2221774,,,,Olympic Water & Sewer,Active,Certificate,Final,02/13/1989,Municipal,1414,300.0000,GPM,161.0000,,17,SWRO,Jefferson,T28.0N/R01.0E/21,SE,SE,2,Well,2,Groundwater
G2-27670,2221143,,,,Vancouver City,Active,Certificate,Final,08/13/1986,Municipal,,500.0000,GPM,807.0000,,28,SWRO,Clark,T02.0N/R02.0E/27,NW,NW,1,Well,1,Groundwater
G2-27772,6802466,,THUR 09-01,,Thurston Cnty PUD 1,Active,Superseding Permit,PA Notice,05/25/1990,"Municipal,Municipal",,460.0000,GPM,336.0000,,13,SWRO,Thurston,T17.0N/R01.0W/12,SE,SE,2,Well,2,Groundwater
G2-27934,2221240,,,,P & P Well Drilling,Active,Certificate,Final,11/29/1990,Domestic Multiple,9,36.0000,GPM,4.5000,,15,SWRO,Pierce,T21.0N/R02.0E/29,SW,NW,1,Well,1,Groundwater
G2-27985,2221377,,,,Clark Public Utilities,Active,Certificate,Final,08/13/1986,Municipal,,400.0000,GPM,307.0000,,27,SWRO,Clark,T04.0N/R02.0E/21,,,2,Well,2,Groundwater
G2-28010,2222333,,,,Washington Water Service,Active,Certificate,Final,01/23/1991,Domestic Multiple,,300.0000,GPM,123.9000,,15,SWRO,Pierce,T21.0N/R01.0E/12,SE,SE,2,Well,2,Groundwater
G2-28102,2221242,,,,Gig Harbor City,Active,Certificate,Final,03/29/1991,Municipal,,1000.0000,GPM,672.0000,,15,SWRO,Pierce,T21.0N/R02.0E/07,SE,NW,1,Well,1,Groundwater
G2-28161,2221594,,,,Firgrove Mutual Water Co ,Active,Certificate,Final,05/24/1991,"Domestic Multiple,Domestic Multiple",,500.0000,GPM,403.0000,,10,SWRO,Pierce,T19.0N/R04.0E/16,SW,NW,1,Well,1,Groundwater
G2-28162,2222370,,,,"San Na, Tong ",Active,Certificate,Final,05/28/1991,Domestic Multiple,20,60.0000,GPM,5.0000,,12,SWRO,Pierce,T18.0N/R03.0E/04,NE,NW,1,Well,1,Groundwater
G2-28185,2222380,,,,Carl Enterprises Inc,Active,Certificate,Final,08/13/1986,Domestic Multiple,118,300.0000,GPM,40.3200,,28,SWRO,Clark,T02.0N/R02.0E/25,SE,SE,1,Well,1,Groundwater
G2-28266,2222401,,,,Western Airpark Association Inc,Active,Certificate,Final,09/06/1991,Domestic Multiple,49,193.0000,GPM,24.7000,,11,SWRO,Thurston,T17.0N/R02.0E/28,,,3,Well,3,Groundwater
G2-28274,2222407,,,,Olympic Crown Partnership,Active,Certificate,Final,09/19/1991,Domestic Multiple,,84.0000,GPM,42.5000,,15,SWRO,Pierce,T21.0N/R01.0W/27,SE,SW,1,Well,1,Groundwater
G2-28279,2154024,,,,Tacoma City,Active,Permit,CC,09/23/1991,"Municipal,Municipal",,1300.0000,GPM,1400.0000,,10,SWRO,Pierce,T20.0N/R03.0E/02,NW,SW,1,Well,1,Groundwater
G2-28298,2222414,,,,Lincoln Creek Lumber Co Inc,Active,Certificate,Final,10/09/1991,"Commercial and Industrial,Fire Protection",,15.0000,GPM,0.2000,,23,SWRO,Thurston,T17.0N/R02.0W/21,NE,NE,1,Well,1,Groundwater
G2-28397,2147605,,,,Clark Public Utilities,Active,Certificate,Final,08/16/1986,Municipal,,1200.0000,GPM,1382.0000,,28,SWRO,Clark,T03.0N/R02.0E/08,,,1,Well,1,Groundwater
G2-28419,2221338,,,,We & U Mobile Home & R V Park,Active,Certificate,Final,02/26/1992,"Domestic Multiple,Domestic Multiple",,45.0000,GPM,11.5000,,14,SWRO,Mason,T20.0N/R03.0W/32,SW,NW,1,Well,1,Groundwater
G2-28467,2221533,,,,"Dial, Daniel ",Active,Certificate,Final,03/26/1992,"Domestic Multiple,Irrigation",,60.0000,GPM,,2.0000,14,SWRO,Mason,T20.0N/R03.0W/29,NW,SW,1,Well,1,Groundwater
G2-28632,2222260,,,,Jefferson Cnty PUD 1,Active,Permit,CC,10/02/1992,Municipal,,40.0000,GPM,163.0000,,17,SWRO,Jefferson,T28.0N/R01.0E/33,NW,SW,1,Well,1,Groundwater
G2-28657,2221643,,,,WA State Fish & Wildlife Department - SWRO,Active,Certificate,Final,11/03/1992,Fish Propagation,,150.0000,GPM,242.0000,,15,SWRO,Pierce,T22.0N/R01.0E/29,,,1,Well,1,Groundwater
G2-28663,2221513,,,,"Sumey, Richard And Elloise ",Active,Certificate,Final,11/10/1992,"Domestic Single,Irrigation",,30.0000,GPM,10.5000,10.0000,11,SWRO,Pierce,T16.0N/R04.0E/24,,SW,1,Well,1,Groundwater
G2-28689,2147604,,,,Clark Public Utilties,Active,Certificate,Final,08/13/1986,Municipal,,270.0000,GPM,290.0000,,28,SWRO,Clark,T03.0N/R01.0E/13,,,1,Well,1,Groundwater
G2-28747,2222317,,,,Cherokee Strip Water Co Inc,Active,Certificate,Final,02/09/1993,"Domestic Multiple,Domestic Multiple","38,38",100.0000,GPM,19.0000,,15,SWRO,Mason,T22.0N/R02.0W/01,,,2,Well,2,Groundwater
G2-28841,2222675,,,,Rainier City,Active,Certificate,Final,05/10/1993,"Municipal,Municipal",,200.0000,GPM,160.0000,,13,SWRO,Thurston,T16.0N/R01.0E/09,SW,NW,2,Well,2,Groundwater
G2-28918,2222112,,,,Cape George Colony Club Inc,Active,Permit,PA Notice,09/21/1993,Municipal,665,386.0000,GPM,192.0000,,17,SWRO,Jefferson,T30.0N/R01.0W/18,NW,SW,4,Well,4,Groundwater
G2-28923,2221521,,,,Peninsula School District 401,Active,Certificate,Final,09/23/1993,"Domestic Multiple,Irrigation",,360.0000,GPM,15.7500,6.0000,15,SWRO,Pierce,T21.0N/R01.0W/14,NE,SE,1,Well,1,Groundwater
G2-28953,2221497,,,,"Whitney, William ",Active,Certificate,Final,10/29/1993,"Domestic Single,Irrigation",,18.0000,GPM,6.3400,2.5000,17,SWRO,Jefferson,T26.0N/R01.0W/34,,,1,Well,1,Groundwater
G2-28990,2147105,,,,Thurston Cnty PUD 1,Active,Permit,PA Notice,01/10/1994,"Municipal,Municipal",,250.0000,GPM,70.0000,,13,SWRO,Thurston,T19.0N/R01.0W/27,NE,SE,4,Well,4,Groundwater
G2-29117,2223186,,,,Cascadia Water LLC,Active,Permit,PA Notice,09/28/1994,Domestic Multiple,97,70.0000,GPM,66.0000,,15,SWRO,Mason,T23.0N/R02.0W/36,,,2,Well,2,Groundwater
G2-29179,2221319,,,,Fairway Village Homeowners Association,Active,Permit,PA Notice,01/30/1995,"Irrigation,Storage",,100.0000,GPM,61.8300,40.0000,28,SWRO,Clark,T01.0N/R02.0E/01,NW,SW,1,Well,1,Groundwater
G2-29197,2221333,,,,Clearwood Community Association,Active,Permit,CC,03/03/1995,"Municipal,Municipal",,750.0000,GPM,529.2000,,11,SWRO,Thurston,T16.0N/R03.0E/31,SE,SW,4,Well,4,Groundwater
G2-29295,2221230,,,,Fox Island Mutual Water Association,Active,Certificate,Final,10/04/1995,Municipal,1000,150.0000,GPM,120.0000,,15,SWRO,Pierce,T20.0N/R01.0E/02,,,1,Well,1,Groundwater
G2-29345,2154060,,,,Firgrove Mutual Water Co ,Active,Certificate,Final,01/22/1996,Municipal,,800.0000,GPM,100.0000,,10,SWRO,Pierce,T19.0N/R04.0E/22,NW,NW,1,Well,1,Groundwater
G2-29346,2154057,,,,Firgrove Mutual Water Co ,Active,Certificate,Final,01/22/1996,Municipal,,500.0000,GPM,60.0000,,12,SWRO,Pierce,T19.0N/R04.0E/17,SW,SE,1,Well,1,Groundwater
G2-29352,2147266,,,,Washington Water Service,Active,Certificate,Final,02/12/1996,Domestic Multiple,6,35.0000,GPM,1.5000,,15,SWRO,Pierce,T20.0N/R01.0W/11,,,1,Well,1,Groundwater
G2-29460,2206393,,,,Woodland Port,Active,Permit,PA Notice,02/03/1997,Domestic Multiple,76,25.0000,GPM,5.4000,,27,SWRO,Cowlitz,T05.0N/R01.0W/15,,,1,Well,1,Groundwater
G2-30042,2222753,,,,SKS Management,Active,Permit,CC,03/04/2002,"Commercial and Industrial,Commercial and Industrial",,700.0000,GPM,840.1000,,29,SWRO,Skamania,T03.0N/R08.0E/27,,,2,Well,2,Groundwater
G2-30268,4241154,,,,Allyn Port,Active,Permit,CC,07/14/2005,"Municipal,Municipal",,555.0000,GPM,300.0000,,14,SWRO,Mason,T22.0N/R01.0W/20,SE,NE,2,Well,2,Groundwater
G2-30308,4261487,,,,Forest Ridge Property Owners Association,Active,Permit,PA Notice,01/27/2006,"Municipal,Municipal",,66.0000,GPM,13.1000,,18,SWRO,Clallam,T30.0N/R04.0W/01,NW,SE,2,Well,2,Groundwater
G2-30327,4276419,,,,Two River Holdings LLC,Active,Permit,CC,06/20/2006,"Municipal,Irrigation",,280.0000,GPM,34.8000,10.5000,26,SWRO,Cowlitz,T10.0N/R02.0W/27,SE,NW,2,Well,2,Groundwater
G2-30361(B),6283475,,,,Home Valley Water District,Active,New Application,AppAccepted,08/17/2006,Municipal,,200.0000,GPM,,,29,SWRO,Skamania,T03.0N/R08.0E/34,,,1,Well,1,Groundwater
G2-30447,4472301,,,,Orchard Beach Community Group,Active,Permit,PA Notice,12/06/2007,"Municipal,Municipal",,120.0000,GPM,23.5000,,14,SWRO,Mason,T21.0N/R02.0W/22,SW,SE,3,Well,3,Groundwater
G2-30459,4489343,,,,Public Utiity District #1 of Skamania County,Active,Permit,PA Notice,03/04/2008,Municipal,,100.0000,GPM,120.0000,,,SWRO,,T00.0?/R00.0?/00,,,,,,
G2-30612,5566407,,,,Hood Canal Highlands Community Club,Inactive,Permit,Cancelled,01/10/2013,Domestic Multiple,,15.0000,GPM,5.0500,,15,SWRO,Mason,T22.0N/R03.0W/18,SW,NE,1,Well,1,Groundwater
G2-30639,6129253,,,,Thurston Cnty PUD 1,Active,Permit,PA Notice,02/20/2014,Domestic Multiple,45,300.0000,GPM,5.8500,,13,SWRO,Thurston,T19.0N/R02.0W/32,,,5,Well,5,Groundwater
G2-30647,6281453,,,,Firgrove Mutual Water Co,Active,Certificate,Final,09/18/2014,Municipal,,300.0000,GPM,110.0000,,10,SWRO,Pierce,T19.0N/R04.0E/17,SE,SW,1,Well,1,Groundwater
G2-30649,6463357,,,,Vancouver Port,Active,Permit,CC,01/29/2015,"Commercial and Industrial,Commercial and Industrial",,20500.0000,GPM,20461.0000,,28,SWRO,Clark,T02.0N/R01.0W/12,,,7,Well,7,Groundwater
G2-30676,6798913,,,,Windolph Association,Active,Permit,PA Notice,12/17/2015,"Municipal,Municipal",,75.0000,CFS,12.0000,,13,SWRO,Thurston,T18.0N/R02.0W/04,SE,NW,1,Well,1,Groundwater
G2-30703,6799715,,,,Firgrove Mutual Water Co,Active,Certificate,Final,09/28/2016,Municipal,,800.0000,GPM,526.0000,,10,SWRO,Pierce,T19.0N/R04.0E/22,NW,NW,1,Well,1,Groundwater
G2-30735,6801633,,,,Grays Harbor Cnty,Active,Permit,CC,09/07/2018,Municipal,,75.0000,GPM,15.0000,,21,SWRO,Grays Harbor,T19.0N/R12.0W/27,SW,NW,1,Well,1,Groundwater
G2-30755,6802632,,,,Mason Cnty PUD 1,Active,Permit,CC,01/02/2020,"Domestic Multiple,Domestic Multiple",,16.0000,GPM,7.2800,,16,SWRO,Mason,T24.0N/R03.0W/23,,,1,Well,1,Groundwater
G2-30756,6802639,,,,Camas City,Active,Permit,CC,01/08/2020,Municipal,,6700.0000,GPM,11090.0000,,28,SWRO,Clark,T01.0N/R03.0E/12,SW,SE,9,Well,9,Groundwater
G2-30759,6802694,,,,YMCA of Greater Seattle,Active,Permit,CC,01/24/2020,"Domestic Multiple,Irrigation",,100.0000,GPM,17.7500,,11,SWRO,Lewis,T14.0N/R05.0E/04,NW,NE,2,Well,2,Groundwater
G2-30769,6802980,,,,Firgrove Mutual Water Co,Active,Report of Examination,ROE-ROD,04/27/2020,Municipal,,160.0000,GPM,54.0000,,12,SWRO,Pierce,T19.0N/R04.0E/34,NE,SW,2,Well,2,Groundwater
G2-30777,6803095,,,,Tulip Meadows Homeowners Association,Active,Permit,PA Notice,06/26/2020,"Municipal,Municipal",,100.0000,GPM,16.5000,,26,SWRO,Cowlitz,T05.0N/R01.0E/31,N2,SE,1,Well,1,Groundwater
G2-30828,6804275,,,,Thurston County Public Works,Active,Permit,CC,04/12/2022,Municipal,,120.0000,GPM,49.0000,,13,SWRO,Thurston,T19.0N/R02.0W/21,SE,NE,1,Well,1,Groundwater
G2-30874,6804916,,,,Western Forest Products US LLC,Active,Permit,CC,12/28/2022,"Commercial and Industrial,Domestic General",,132.0000,GPM,10.0000,,28,SWRO,Clark,T01.0N/R03.0E/07,,SE,2,Well,2,Groundwater
G2-30876,6805108,,,,Public Utility District No. 1 of Thurston County,Active,Permit,PA Notice,04/11/2023,Municipal,,150.0000,GPM,6.0000,,13,SWRO,Thurston,T19.0N/R01.0W/27,NW,NE,2,Well,2,Groundwater
G2-GWC5333,4700907,5333,,,Winlock City,Active,Superseding Certificate,Final,04/29/1963,"Municipal,Municipal",,175.0000,GPM,224.0000,,26,SWRO,Lewis,T12.0N/R02.0W/33,,,4,Well,4,Groundwater
G2-GWC6683,6125161,06683,,,Summit Water & Supply Co,Active,Superseding Certificate,Final,05/03/1968,Municipal,,120.0000,GPM,120.0000,,10,SWRO,Pierce,T20.0N/R03.0E/25,,,1,Well,1,Groundwater
G2-GWC6949,5160217,6949,,,WA DNR,Active,Superseding Certificate,Final,01/16/2003,Irrigation,,96.0000,GPM,24.0000,35.0000,28,SWRO,Clark,T03.0N/R02.0E/16,SW,NW,1,Well,1,Groundwater
G2-GWC7414,6087074,7414,,,Mountain View-Edgewood Water Co,Active,Superseding Certificate,Final,02/24/1969,Municipal,,390.0000,GPM,570.0000,,10,SWRO,Pierce,T20.0N/R04.0E/16,SW,NE,1,Well,1,Groundwater
G2-GWC7623,5160226,07623,,,WA DNR,Active,Superseding Certificate,Final,01/16/2003,Irrigation,,25.0000,GPM,24.0000,35.0000,28,SWRO,Clark,T03.0N/R02.0E/16,SW,NW,1,Well,1,Groundwater
G2-GWC7636,6087019,07636,,,Rainier View Water Co,Active,Superseding Certificate,Final,09/02/1970,Domestic Multiple,,80.0000,GPM,79.0000,,11,SWRO,Pierce,T18.0N/R03.0E/23,,,1,Well,1,Groundwater
G2-GWC947,4677776,947,,,Clark Public Utilities,Active,Superseding Certificate,Final,10/10/1950,Municipal,,1000.0000,GPM,896.0000,,28,SWRO,Clark,T02.0N/R01.0E/01,,,1,Well,1,Groundwater
G2-GWP1952(B),4677187,,,,White Pass School District 303,Active,Superseding Permit,PA Notice,06/05/1951,"Domestic Multiple,Fire Protection",,110.0000,GPM,106.0000,,26,SWRO,Cowlitz,T12.0N/R07.0E/10,,,1,Well,1,Groundwater
G3-*00183C,5844829,557-A,,,"Steelhead Development WA, LLC",Active,Superseding Certificate,Final,03/20/1946,"Irrigation,Irrigation",,125.0000,GPM,41.9000,125.0000,32,ERO,Walla Walla,T06.0N/R36.0E/05,SW,NE,3,Well,3,Groundwater
G3-*00194C(B),6804519,109-A(B),,,"Hulett, Susan W",Active,Superseding Certificate,Final,03/30/1946,Irrigation,,69.0000,GPM,15.3300,7.6700,32,ERO,Walla Walla,T06.0N/R35.0E/15,,,1,Well,1,Groundwater
G3-*00256S,6803237,169-D,,,"Taruscio, Nick J",Active,Superseding Certificate,Final,01/01/1925,Irrigation,,150.0000,GPM,22.4500,12.5000,32,ERO,Walla Walla,T06.0N/R35.0E/03,SE,SE,1,Well,1,Groundwater
"G3-*00421S Vol. 11-3, pp82",6805363,370-D,,,Riverview at Crescent Bar LLC - Lewis Turner,Active,Certificate of Change,Final,01/01/1900,Cooling for Industrial Process,,120.0000,GPM,25.5000,14.5000,41,ERO,Grant,T20.0N/R23.0E/18,SE,SW,4,Well,4,Groundwater
"G3-*00422S Vol. 11-3, pp85",6805360,371-D,,,Riverview at Crescent Bar LLC - Lewis Turner,Active,Certificate of Change,Final,01/01/1900,Municipal,,120.0000,GPM,25.5000,14.5000,41,ERO,Grant,T20.0N/R23.0E/18,SE,SW,4,Well,4,Groundwater
"G3-*00422S Vol. 11-3, pp86",6805361,371-D,,,Vineyard Land Compnay LLC,Active,Certificate of Change,Final,01/01/1900,Irrigation,,295.5000,GPM,8905.0000,35.6200,41,ERO,Grant,T20.0N/R23.0E/19,NE,NW,1,Well,1,Groundwater
"G3-*00422S Vol. 11-3, pp87",6805362,371-D,,,"Oberg, Todd And Carly  ",Active,Certificate of Change,Final,01/01/1900,Irrigation,,6.5000,GPM,1.9500,0.7800,41,ERO,Grant,T20.0N/R23.0E/19,NE,NW,1,Well,1,Groundwater
G3-*00751C,2142603,406-A,,,"None, John ",ChangeInProgress,Certificate,ChangeInProgress,02/25/1948,Irrigation,,175.0000,GPM,160.0000,40.0000,32,ERO,Walla Walla,T06.0N/R35.0E/10,NE,NE,2,Well,2,Groundwater
G3-*00822S,2142651,652-D,,,Davin,Active,Certificate,Final,01/01/1918,"Irrigation,Irrigation",,292.5000,GPM,276.0000,69.0000,32,ERO,Walla Walla,T06.0N/R35.0E/01,SW,NE,1,Well,1,Groundwater
G3-*01036S(0315),6801950,1047-D(0315),,,"Rincon, Ramon And Elia ",Active,Mitigated Water Use Authorization,Final,12/24/2018,Irrigation,,,,0.0700,,32,ERO,Walla Walla,T07.0N/R33.0E/34,S2,SW,1,Well,1,Groundwater
G3-*01621C,6804691,626-A,SPOK 21-14,,Vera Water and Power,Active,Superseding Certificate,Final,08/07/1950,Municipal,,300.0000,GPM,203.0000,,57,ERO,Spokane,T25.0N/R44.0E/15,NE,SE,11,Well,11,Groundwater
G3-*04154C,6800392,4414-A,,,Marlin Hutterian Brethren ,Active,Superseding Certificate,Final,11/02/1955,"Irrigation,Irrigation",,500.0000,GPM,400.0000,160.0000,41,ERO,Grant,T21.0N/R30.0E/03,SW,NW,1,Well,1,Groundwater
G3-*04794C,6802281,3874-A,,,George City of,Active,Superseding Certificate,Final,03/03/1958,Municipal,253,1000.0000,GPM,672.0000,,41,ERO,Grant,T18.0N/R24.0E/06,NE,NE,2,Well,2,Groundwater
G3-*05498C(A),6802484,4082-A(A),,,"Scholl, Cheryl ",Active,Superseding Certificate,Final,02/08/1960,Irrigation,,77.7600,GPM,50.4800,13.8300,32,ERO,Walla Walla,T07.0N/R35.0E/26,NW,NW,1,Well,1,Groundwater
G3-*05511C,2141384,4124-A,,,Franz Lund LLC,Active,Certificate,Final,02/17/1960,"Domestic Single,Irrigation,Irrigation",,1000.0000,GPM,1300.0000,915.0000,41,ERO,Adams,T18.0N/R31.0E/13,SE,SE,1,Well,1,Groundwater
G3-*05576C,6802283,3886-A,,,George City of,Active,Superseding Certificate,Final,04/20/1960,Municipal,253,1000.0000,GPM,672.0000,,41,ERO,Grant,T18.0N/R24.0E/06,NE,NE,2,Well,2,Groundwater
G3-*06151C(D),6801520,4232-A(D),WALL-17-04,,"Golden, John & Suzanne ",Active,Superseding Certificate,Final,01/15/1962,Irrigation,,8.7500,GPM,2.9000,0.7500,32,ERO,Walla Walla,T07.0N/R35.0E/26,NE,SW,1,Well,1,Groundwater
G4-33218,6801712,,,,Naches RV Properties LLC,Active,Permit,CC,11/07/2018,"Domestic Multiple,Irrigation",,200.0000,GPM,53.0800,8.5000,38,CRO,Yakima,T15.0N/R17.0E/35,,,3,Well,3,Groundwater
G4-33221,6802106,,,,WA Transportation Dept - Union Gap,Active,Temporary Use Permit,Pending,02/11/2019,"Dust Control,Highway",,150.0000,GPM,20.0000,,39,CRO,Kittitas,T20.0N/R13.0E/03,NW,NW,2,Well,2,Groundwater
G4-33226-23,6805402,,,,Zirkle Fruit Company,Inactive,Drought Authorization,SpAlloc,07/28/2023,Irrigation,,,,156.2400,1050.0000,39,CRO,Kittitas,T16.0N/R19.0E/12,NE,NW,5,Well,5,Groundwater
G4-33228,6802290,,,,Klickitat Cnty PUD 1 *,Active,Permit,PA Notice,06/18/2019,"Municipal,Municipal",,120.0000,GPM,96.8000,,30,CRO,Klickitat,T05.0N/R16.0E/33,NW,NW,2,Well,2,Groundwater
G4-33235-23,6805428,,,,Rodeo/Selah Ranch LLC,Inactive,Drought Authorization,SpAlloc,08/09/2023,Irrigation,,1000.0000,GPM,19.1900,129.0000,39,CRO,Kittitas,T16.0N/R20.0E/07,SE,NW,1,Well,1,Groundwater
G4-33256,6803036,,,,Dallesport Water District,Active,Permit,PA Notice,05/19/2020,Municipal,,300.0000,GPM,214.0000,,30,CRO,Klickitat,T02.0N/R13.0E/34,SW,NW,2,Well,2,Groundwater
G4-33267,6803336,,,,Ellensburg City *,Active,Certificate,Final,12/30/2020,Municipal,,2500.0000,GPM,2500.0000,,39,CRO,Kittitas,T18.0N/R18.0E/35,NW,NW,1,Well,1,Groundwater
G4-33272,6803669,,,,Price Cold Storage & Packing,Active,Permit,CC,05/13/2021,"Domestic General,Commercial and Industrial",,200.0000,GPM,38.4600,,38,CRO,Yakima,T14.0N/R18.0E/30,SW,SE,1,Well,1,Groundwater
G4-33282,6803943,,,,Honeybear Growers LLC,Active,New Application,ROE-ROD,09/27/2021,"Commercial and Industrial,Domestic General",,100.0000,GPM,25.0000,,49,CRO,Okanogan,T30.0N/R25.0E/07,SW,SE,1,Well,1,Groundwater
G4-33298,6804734,,,,Black Star Ranch LLC,Active,New Application,AppAccepted,09/16/2022,"Irrigation,Frost Protection,Domestic Single",,680.0000,GPM,545.7000,120.0000,37,CRO,Yakima,T12.0N/R21.0E/29,SE,NW,1,Well,1,Groundwater
G4-33301,6804835,,,,Western Rock Products LLC,Active,New Application,AppAccepted,09/13/2022,"Dust Control,Domestic General",,9.8900,GPM,15.9500,,37,CRO,Benton,T08.0N/R28.0E/35,NE,NE,1,Well,1,Groundwater
G4-33302,6804830,,,,Yakima Cnty - Freudenthal,Active,New Application,AppAccepted,10/18/2022,"Municipal,Domestic General,Stockwater",,23.0000,GPM,9.0000,,37,CRO,Yakima,T12.0N/R16.0E/16,NE,SE,2,Well,2,Groundwater
G4-33303,6804831,,,,Kershaw Fruit & Cold Storage,Active,Permit,CC,10/18/2022,"Commercial and Industrial,Domestic General",,200.0000,GPM,50.6000,0.3500,38,CRO,Yakima,T14.0N/R17.0E/24,NE,SW,3,Well,3,Groundwater
G4-33309,6805199,,,,"RCH Holdings, LLC",Active,Permit,BC,03/06/2023,"Commercial and Industrial,Domestic General",,80.0000,GPM,40.0000,,39,CRO,Yakima,T14.0N/R19.0E/20,NW,NE,2,Well,2,Groundwater
G4-33311,6805215,,,,"Prosser, Ron ",Active,New Application,AppAccepted,04/07/2023,Irrigation,,80.0000,GPM,6.0000,4.0000,37,CRO,Benton,T10.0N/R27.0E/32,W2,NW,1,Well,1,Groundwater
G4-33317-23,6805398,,,,"North Outlook Ranch, LLC",Inactive,New Application,Withdrawn,07/27/2023,Irrigation,,300.0000,GPM,147.6000,147.6000,37,CRO,Yakima,T11.0N/R22.0E/32,NE,NE,1,Well,1,Groundwater
G4-33341,6806183,,,,"AFC Ranch 1, LLC",Active,New Application,AppReceived,06/06/2024,"Irrigation,Frost Protection",,8600.0000,GPM,,240.0000,44,CRO,Douglas,T26.0N/R21.0E/34,NW,SW,4,Well,4,Groundwater
G4-33344,6806264,,,,AFC Ranch 3 LLC,Active,New Application,AppReceived,06/17/2024,"Irrigation,Frost Protection",,6100.0000,GPM,1600.0000,400.0000,44,CRO,Douglas,T26.0N/R21.0E/21,SE,SW,5,Well,5,Groundwater
G4-34918,4163733,,,,"Barnhill, Cliff ",Active,Permit,CC,07/29/2003,"Irrigation,Fire Protection",,50.0000,GPM,28.5000,8.1300,45,CRO,Chelan,T26.0N/R17.0E/25,NW,NE,2,Well,2,Groundwater
G4-34986-23,6805425,,,,Borton Fruit,Inactive,Drought Authorization,SpAlloc,08/15/2023,Irrigation,,120.0000,GPM,1.0800,12.0000,37,CRO,Yakima,T11.0N/R20.0E/05,,,1,Well,1,Groundwater
G4-35246(A),6804400,,,,Misty Mountain LLC,Active,Superseding Permit,CC,06/05/2009,"Irrigation,Domestic Multiple",,30.0000,GPM,1.0050,0.1983,39,CRO,Kittitas,T19.0N/R15.0E/09,,,1,Well,1,Groundwater
G4-35246(B),6804399,,,,"Vanecko, Andrea D",Active,Superseding Permit,CC,06/05/2009,"Irrigation,Domestic Single",,10.0000,GPM,0.3350,0.0677,39,CRO,Kittitas,T19.0N/R15.0E/09,S2,SE,1,Well,1,Groundwater
G4-35251(A),6323369,,,,"Gates, John T",Inactive,Superseding Permit,Superseded,06/05/2009,"Domestic Multiple,Irrigation",,93.4000,GPM,16.6300,2.9100,39,CRO,Kittitas,T19.0N/R14.0E/12,NW,NE,4,Well,4,Groundwater
G4-35251(A1),6802611,,,,"Gates, John T",Active,Superseding Permit,BC,06/05/2009,"Domestic Multiple,Irrigation",,17.7300,GPM,2.3090,0.4050,39,CRO,Kittitas,T19.0N/R14.0E/01,,SE,3,Well,3,Groundwater
G4-35251(A2),6802612,,,,"Hoffman, Bradley ",Active,Superseding Permit,BC,06/05/2009,"Domestic Multiple,Irrigation",,5.0000,GPM,0.3350,0.0677,39,CRO,Kittitas,T19.0N/R14.0E/01,,SE,1,Well,1,Groundwater
G4-35251(A3),6802613,,,,"Burton, Mark W",Active,Superseding Permit,PA Notice,06/05/2009,"Domestic Multiple,Irrigation",,5.0000,GPM,0.3350,0.0677,39,CRO,Kittitas,T19.0N/R14.0E/01,,SE,1,Well,1,Groundwater
G4-35251(B),6323382,,,,Hardline Ranch LLC,Active,Superseding Permit,BC,06/05/2009,"Domestic Multiple,Irrigation",,19.0000,GPM,3.3600,0.6800,39,CRO,Kittitas,T19.0N/R14.0E/12,NW,NE,4,Well,4,Groundwater
G4-35526(A),6802092,,,,"Moore, Monty D",Active,Superseding Permit,CC,10/04/2011,"Domestic Multiple,Irrigation",,8.9600,GPM,0.8280,0.2300,39,CRO,Kittitas,T19.0N/R15.0E/07,SE,NE,1,Well,1,Groundwater
G4-35526(B),6802093,,,,"Newby, D Rex ",Active,Superseding Permit,CC,10/04/2011,"Domestic Multiple,Irrigation",,4.4800,GPM,0.4130,0.0110,39,CRO,Kittitas,T19.0N/R15.0E/07,SE,NE,1,Well,1,Groundwater
G4-35541(F),6799806,,,,"Kitz, Richard R",Active,Superseding Permit,CC,12/01/2011,"Domestic Single,Irrigation",,21.0000,GPM,1.2798,0.0345,39,CRO,Kittitas,T20.0N/R17.0E/32,,,1,Well,1,Groundwater
G4-35541(G),6799799,,,,"Mitchell, Ronald ",Active,Superseding Permit,CC,12/01/2011,"Domestic Single,Irrigation",,28.0000,GPM,1.7064,0.0460,39,CRO,Kittitas,T20.0N/R17.0E/31,,,1,Well,1,Groundwater
G4-35541(H),6802721,,,,"Lo, Loren D",Inactive,Superseding Permit,Cancelled,12/01/2011,"Domestic Single,Irrigation",,7.0000,GPM,0.4266,0.0115,39,CRO,Kittitas,T19.0N/R17.0E/05,,,1,Well,1,Groundwater
G4-35541(I),6802722,,,,"Lo, Loren D",Inactive,Superseding Permit,Cancelled,12/01/2011,"Domestic Single,Irrigation",,7.0000,GPM,0.4266,0.0115,39,CRO,Kittitas,T19.0N/R17.0E/05,,,1,Well,1,Groundwater
G4-35541(J),6802723,,,,Hidden Point LLC,Inactive,Superseding Permit,Cancelled,12/01/2011,"Domestic Single,Irrigation",,7.0000,GPM,0.4266,0.0115,39,CRO,Kittitas,T19.0N/R17.0E/05,,,1,Well,1,Groundwater
G4-35542(B),6799472,,,,"Kapuza, John S",Active,Superseding Permit,CC,12/01/2011,"Domestic Single,Irrigation",,7.0000,GPM,0.4266,0.0115,39,CRO,Kittitas,T19.0N/R17.0E/04,NW,SW,1,Well,1,Groundwater
G4-35542(C),6803767,,,,"Hamilton, Tracy ",Active,Superseding Permit,CC,12/01/2011,"Domestic Single,Irrigation",,7.0000,GPM,0.4266,0.0115,39,CRO,Kittitas,T19.0N/R17.0E/09,,,1,Well,1,Groundwater
G4-35542(D),6799800,,,,"Doyle, Sharon A",Active,Superseding Permit,CC,12/01/2011,"Domestic Single,Irrigation",,7.0000,GPM,0.4266,0.0115,39,CRO,Kittitas,T19.0N/R17.0E/04,,,1,Well,1,Groundwater
G4-35542(E),6803768,,,,BearCamp22 LLC,Active,Superseding Permit,CC,12/01/2011,"Domestic Single,Irrigation",,7.0000,GPM,0.4266,0.0115,39,CRO,Kittitas,T19.0N/R17.0E/09,,,1,Well,1,Groundwater
G4-35544(B),6803769,,,,"Wade, M ",Active,Superseding Permit,CC,12/01/2011,"Domestic Single,Irrigation",,7.0000,GPM,0.4266,0.0115,39,CRO,Kittitas,T20.0N/R17.0E/28,,,1,Well,1,Groundwater
G4-35545(AAA),6799805,,,,"Lang, Allen L",Active,Superseding Permit,CC,12/01/2011,"Domestic Single,Irrigation",,7.0000,GPM,0.4266,0.0115,39,CRO,Kittitas,T20.0N/R17.0E/32,,,1,Well,1,Groundwater
G4-35545(AAB),6800977,,,,"Coe, Matthew D",Active,Superseding Permit,CC,12/01/2011,"Domestic Single,Irrigation",,14.0000,GPM,0.8532,0.0230,39,CRO,Kittitas,T20.0N/R17.0E/32,,,1,Well,1,Groundwater
G4-35545(AAC),6799884,,,,"Harmon, Leslie ",Inactive,Superseding Permit,Split,12/01/2011,"Domestic Single,Irrigation",,21.0000,GPM,1.2798,0.0345,39,CRO,Kittitas,T20.0N/R17.0E/32,NW,SW,2,Well,2,Groundwater
G4-35545(AACa),6802892,,,,"Harmon, Leslie ",Active,Superseding Permit,CC,12/01/2011,"Domestic Single,Irrigation",,14.0000,GPM,0.8532,0.0230,39,CRO,Kittitas,T20.0N/R17.0E/32,NW,SW,1,Well,1,Groundwater
G4-35545(AACb),6802893,,,,"Ahlers, John P",Active,Superseding Permit,CC,12/01/2011,"Domestic Single,Irrigation",,7.0000,GPM,0.4266,0.0115,39,CRO,Kittitas,T20.0N/R17.0E/32,NW,SW,1,Well,1,Groundwater
G4-35545(AAD),6800987,,,,"Pellerin, David ",Active,Superseding Permit,CC,12/01/2011,"Domestic Single,Irrigation",,7.0000,GPM,0.4266,0.0115,39,CRO,Kittitas,T20.0N/R17.0E/28,,,1,Well,1,Groundwater
G4-35545(AAE),6800989,,,,"Pellerin, David ",Active,Superseding Permit,CC,12/01/2011,"Domestic Single,Irrigation",,7.0000,GPM,0.4266,0.0115,39,CRO,Kittitas,T20.0N/R17.0E/28,,,1,Well,1,Groundwater
G4-35545(AAF),6800991,,,,"Palmer, Ed ",Active,Superseding Permit,CC,12/01/2011,"Domestic Single,Irrigation",,7.0000,GPM,0.4266,0.0115,39,CRO,Kittitas,T20.0N/R17.0E/32,,,1,Well,1,Groundwater
G4-35545(AAG),6802549,,,,"Altman, Alan ",Active,Superseding Permit,CC,12/01/2011,"Domestic Single,Irrigation",,7.0000,GPM,0.4266,0.0110,39,CRO,Kittitas,T20.0N/R17.0E/32,,NE,1,Well,1,Groundwater
G4-35545(AAH),6802666,,,,"Loflin, Steve ",Active,Superseding Permit,CC,12/01/2011,"Domestic Single,Irrigation",,7.0000,GPM,0.4266,0.0115,39,CRO,Kittitas,T20.0N/R17.0E/32,,,1,Well,1,Groundwater
G4-35545(AAI),6802667,,,,"Loflin, Steve ",Active,Superseding Permit,CC,12/01/2011,"Domestic Single,Irrigation",,7.0000,GPM,0.4266,0.0115,39,CRO,Kittitas,T20.0N/R17.0E/32,,,1,Well,1,Groundwater
G4-35545(AAJ),6802668,,,,"Szeliga, Clay ",Active,Superseding Permit,CC,12/01/2011,"Domestic Single,Irrigation",,7.0000,GPM,0.4266,0.0115,39,CRO,Kittitas,T20.0N/R17.0E/32,,,1,Well,1,Groundwater
G4-35545(AAK),6802669,,,,"Coe, Matthew D",Active,Superseding Permit,CC,12/01/2011,"Domestic Single,Irrigation",,7.0000,GPM,0.4266,0.0115,39,CRO,Kittitas,T20.0N/R17.0E/32,,,1,Well,1,Groundwater
G4-35545(AAL),6803770,,,,"Schier, John ",Active,Superseding Permit,CC,12/01/2011,"Domestic Single,Irrigation",,7.0000,GPM,0.4266,0.0115,39,CRO,Kittitas,T20.0N/R17.0E/28,,,1,Well,1,Groundwater
G4-35545(AAM),6803771,,,,"Sparr, Jennifer ",Active,Superseding Permit,CC,12/01/2011,"Domestic Single,Irrigation",,7.0000,GPM,0.4266,0.0115,39,CRO,Kittitas,T20.0N/R17.0E/28,,,1,Well,1,Groundwater
G4-35545(AANa),6804377,,,,"Popham, Kellie ",Active,Superseding Permit,CC,12/01/2011,"Domestic Single,Irrigation",,7.0000,GPM,0.4266,0.0115,39,CRO,Kittitas,T20.0N/R17.0E/28,,,1,Well,1,Groundwater
G4-35545(AANb),6804378,,,,Seaport Investments Inc,Active,Superseding Permit,CC,12/01/2011,"Domestic Single,Irrigation",,7.0000,GPM,0.4266,0.0115,39,CRO,Kittitas,T20.0N/R17.0E/28,,,1,Well,1,Groundwater
G4-35545(AW),6799801,,,,"Andrews, Richard C & Mary Jo ",Active,Superseding Permit,CC,12/01/2011,"Domestic Single,Irrigation",,7.0000,GPM,0.4266,0.0115,39,CRO,Kittitas,T20.0N/R17.0E/28,,,1,Well,1,Groundwater
G4-35545(AX),6799802,,,,Over the Hill LLC c/o Melanie Wilhoite,Active,Superseding Permit,CC,12/01/2011,"Domestic Single,Irrigation",,7.0000,GPM,0.4266,0.0115,39,CRO,Kittitas,T20.0N/R17.0E/28,,,1,Well,1,Groundwater
G4-35545(AY),6799803,,,,"Lang, Allen L",Active,Superseding Permit,CC,12/01/2011,"Domestic Single,Irrigation",,7.0000,GPM,0.4266,0.0115,39,CRO,Kittitas,T20.0N/R17.0E/32,,,1,Well,1,Groundwater
G4-35545(AZ),6799804,,,,"Lang, Allen L",Active,Superseding Permit,CC,12/01/2011,"Domestic Single,Irrigation",,7.0000,GPM,0.4266,0.0115,39,CRO,Kittitas,T20.0N/R17.0E/32,,,1,Well,1,Groundwater
G4-35546(A),6803772,,,,"Renner, Brian ",Active,Superseding Permit,CC,12/01/2011,"Domestic Single,Irrigation",,7.0000,GPM,0.4266,0.0115,39,CRO,Kittitas,T20.0N/R17.0E/21,,,57,Well,57,Groundwater
G4-35630(Aa),6462510,,,,"Stasik, Susan ",Active,Superseding Permit,PA Notice,06/18/2013,"Domestic Single,Irrigation",,4.4800,GPM,0.4137,0.0110,39,CRO,Kittitas,T19.0N/R15.0E/09,SW,NE,1,Well,1,Groundwater
G4-35630(Ab),6462648,,,,"Carlson, Gerard P",Active,Superseding Permit,CC,06/18/2013,"Domestic Single,Irrigation",,4.4800,GPM,0.4137,0.0115,39,CRO,Kittitas,T19.0N/R15.0E/09,SE,NW,1,Well,1,Groundwater
G4-35630(Ac),6462803,,,,"Sargent, Mark ",Active,Superseding Permit,CC,06/18/2013,"Domestic Single,Irrigation",,4.4800,GPM,0.4137,0.0115,39,CRO,Kittitas,T19.0N/R15.0E/09,SW,NE,1,Well,1,Groundwater
G4-35639,5843017,,,,"Uhrich, Steve & Yvonne ",Active,Permit,CC,07/15/2013,"Domestic Single,Irrigation",,4.4800,GPM,0.4140,0.0110,39,CRO,Kittitas,T19.0N/R15.0E/07,SE,NW,1,Well,1,Groundwater
G4-35692,6220682,,,,"Surprenant, Jason D",Active,Permit,CC,04/18/2014,"Domestic Multiple,Irrigation",,8.9600,GPM,0.8300,0.0230,39,CRO,Kittitas,T19.0N/R15.0E/07,S2,NW,1,Well,1,Groundwater
G4-35703,6265129,,,,"Elerding, Steven C",Active,Certificate,Final,06/19/2014,"Domestic Single,Irrigation",,180.0000,GPM,14.6800,9.2300,37,CRO,Yakima,T08.0N/R23.0E/14,NE,NE,2,Well,2,Groundwater
G4-35705,6266299,,,,Easton Farms LLC,Active,Permit,CC,06/24/2014,"Domestic Single,Irrigation",,36.0000,GPM,3.4500,4.0000,39,CRO,Kittitas,T20.0N/R13.0E/04,,SW,3,Well,3,Groundwater
G4-35763,6619807,,,,Agnes M Bugni Family Ltd Partnership,Active,Permit,CC,05/22/2015,"Domestic Multiple,Irrigation",,71.6800,GPM,6.6190,0.1800,39,CRO,Kittitas,T19.0N/R16.0E/02,,,3,Well,3,Groundwater
G4-35777,6688371,,,,"Walker, Floyd ",Active,Permit,BC,08/03/2015,"Domestic Single,Irrigation",,4.4800,GPM,0.4140,0.0110,39,CRO,Kittitas,T20.0N/R14.0E/26,S2,SE,1,Well,1,Groundwater
G4-35779(B),6752324,,,01939,"Berger, Mark ",Active,Mitigated Water Use Authorization,Final,08/06/2015,"Domestic Multiple,Irrigation",,,,0.6590,0.0230,39,CRO,Kittitas,T20.0N/R15.0E/35,,N2,1,Well,1,
G4-35786,6714679,,,02316,R&R Heights Land Company Inc,Active,Permit,CC,08/26/2015,"Irrigation,Domestic Multiple",,13.4400,GPM,1.2410,0.0340,39,CRO,Kittitas,T20.0N/R15.0E/18,SW,NE,1,Well,1,Groundwater
G4-35794,6727444,,,,"Fisher, David & Jennifer ",Active,Permit,CC,09/21/2015,"Irrigation,Domestic Single",,4.4800,GPM,0.4140,0.0110,39,CRO,Kittitas,T19.0N/R15.0E/07,NE,NE,1,Well,1,Groundwater
G4-35798,6734643,,,,"Oberhansly, Lucas C",Active,Permit,BC,10/02/2015,"Irrigation,Domestic Single",,4.4800,GPM,0.4140,0.0110,39,CRO,Kittitas,T20.0N/R14.0E/12,,,1,Well,1,Groundwater
G4-35799(E),6802218,,,,Kittitas County,Active,Superseding Permit,CC,10/06/2015,Domestic Multiple,467,92.6820,GPM,149.6000,,39,CRO,Kittitas,T16.0N/R19.0E/01,,,28,Well,28,Groundwater
G4-35801,6744526,,,,"Chaubey, Naynika ",Active,Permit,CC,10/16/2015,"Domestic Multiple,Irrigation",,8.9600,GPM,0.8270,0.0230,39,CRO,Kittitas,T21.0N/R14.0E/09,,,2,Well,2,Groundwater
G4-35802,6771596,,,,"Schufreider, John & Wendy ",Active,Permit,BC,11/12/2015,"Irrigation,Domestic Single",,4.4800,GPM,0.4140,0.0110,39,CRO,Kittitas,T20.0N/R14.0E/19,NW,NE,1,Well,1,Groundwater
G4-35804,6789070,,,,Suncadia Water Company LLC,Active,Permit,BC,11/17/2015,Municipal,,3110.2000,GPM,587.1000,,39,CRO,Kittitas,T20.0N/R15.0E/30,SW,SE,3,Well,3,Groundwater
G4-35805,6789207,,,,Sun and Snow LLC,Active,Permit,BC,11/17/2015,"Irrigation,Domestic Single",,4.4800,GPM,0.4140,0.0110,39,CRO,Kittitas,T20.0N/R15.0E/23,S2,,1,Well,1,Groundwater
G4-35812,6798825,,,,"Burke, Deborah Jan",Active,Permit,PA Notice,12/24/2015,"Domestic Single,Irrigation",,9.0000,GPM,0.3620,0.0250,39,CRO,Kittitas,T17.0N/R17.0E/03,NE,SE,1,Well,1,Groundwater
G4-35821(B),6800342,,,,Canyon River Ranch Owners Association,Active,Permit,CC,01/28/2016,Domestic Multiple,32,142.0000,GPM,8.9610,,39,CRO,Kittitas,T16.0N/R19.0E/28,SW,SW,1,Well,1,Groundwater
G4-35833,6799137,,,,"Fitzgerald, Brent & Suzanne ",Active,Mitigated Water Use Authorization,Final,03/17/2016,"Domestic Single,Irrigation",,,,0.4140,0.0110,39,CRO,Kittitas,T19.0N/R14.0E/03,NW,NW,1,Well,1,Groundwater
G4-35840,6799251,,,,Nelson Gelbvieh Ranch LLC,Inactive,Permit,Split,03/29/2016,"Domestic Multiple,Irrigation",,98.5600,GPM,10.1440,1.7800,39,CRO,Kittitas,T19.0N/R18.0E/28,NW,NW,11,Well,11,Groundwater
G4-35840(A),6802148,,,,Nelson Gelbvieh Ranch LLC,Active,Superseding Permit,CC,03/29/2016,"Domestic Multiple,Irrigation",,80.6400,GPM,8.3000,1.4600,39,CRO,Kittitas,T19.0N/R18.0E/28,NW,NW,11,Well,11,Groundwater
G4-35840(B),6802149,,,,"Schulke, Clinton ",Active,Superseding Permit,BC,03/29/2016,"Domestic Single,Irrigation",,8.9600,GPM,0.9220,0.1600,39,CRO,Kittitas,T19.0N/R18.0E/28,SW,NW,1,Well,1,Groundwater
G4-35840(C),6802150,,,,"Anderson, Leah ",Active,Superseding Permit,BC,03/29/2016,"Domestic Single,Irrigation",,8.9600,GPM,0.9220,0.1600,39,CRO,Kittitas,T19.0N/R18.0E/28,NW,NW,1,Well,1,Groundwater
G4-35842,6799376,,,,"Hasbargen, Mark ",Active,Permit,CC,04/11/2016,"Domestic Single,Irrigation",,4.4800,GPM,0.3300,0.0110,39,CRO,Kittitas,T20.0N/R14.0E/19,NW,NE,1,Well,1,Groundwater
G4-35852,6799440,,,,Sage Hills II LLC,Active,Permit,CC,05/11/2016,"Domestic Single,Irrigation",,4.4800,GPM,0.3460,0.0110,39,CRO,Kittitas,T17.0N/R20.0E/12,NE,SW,1,Well,1,Groundwater
G4-35859,6799485,,,,Parlova Miller LLC,Active,Permit,CC,05/31/2016,"Domestic Multiple,Irrigation",,8.9600,GPM,0.8270,0.2300,39,CRO,Kittitas,T20.0N/R14.0E/19,,,1,Well,1,Groundwater
G4-35865,6799525,,,,"Hunt, Elwood & Rebecca L ",Active,Permit,CC,06/17/2016,"Domestic Single,Irrigation",,4.4800,GPM,0.4140,0.0110,39,CRO,Kittitas,T19.0N/R15.0E/09,SE,NE,1,Well,1,Groundwater
G4-35872,6799607,,,,Donogh Custom Homes,Active,Permit,CC,08/08/2016,"Domestic Single,Irrigation",,,,0.4140,0.0110,39,CRO,Kittitas,T20.0N/R14.0E/26,SE,SE,1,Well,1,Groundwater
G4-35873,6799608,,,,SRD Development LLC,Active,Permit,Fee,08/08/2016,"Domestic Multiple,Irrigation",,8.9600,GPM,0.8270,0.0230,39,CRO,Kittitas,T20.0N/R14.0E/26,SE,SE,1,Well,1,Groundwater
G4-35874,6799615,,,,"Bruce, Dustin S",Active,Permit,CC,08/15/2016,"Domestic Single,Irrigation",,4.4800,GPM,0.4140,0.0110,39,CRO,Kittitas,T20.0N/R14.0E/19,SE,NE,1,Well,1,Groundwater
G4-35886,6799778,,,,"Ronning, Craig T",Active,Permit,CC,10/20/2016,"Domestic Multiple,Irrigation",,26.8800,GPM,1.7180,0.1100,39,CRO,Kittitas,T17.0N/R19.0E/35,,NW,6,Well,6,Groundwater
G4-35902,6799930,,,,"Kerchner, Arthur ",Active,Permit,BC,01/23/2017,"Domestic Single,Irrigation",,4.4800,GPM,0.3300,0.0110,39,CRO,Kittitas,T20.0N/R15.0E/24,SE,SE,2,Well,2,Groundwater
G4-35904,6799968,,,,"Bugni, Peter ",Active,Permit,CC,01/31/2017,"Domestic Single,Irrigation",,4.4800,GPM,0.4300,0.0110,39,CRO,Kittitas,T17.0N/R20.0E/12,SE,NW,1,Well,1,Groundwater
G4-35912,6800199,,,,"Parker, Todd K",Active,Permit,CC,03/16/2017,"Domestic Multiple,Irrigation",,17.9200,GPM,1.6550,0.0460,39,CRO,Kittitas,T20.0N/R14.0E/27,N2,NW,1,Well,1,Groundwater
G4-35913,6800200,,,,"Parker, Kent ",Active,Permit,CC,03/16/2017,"Domestic Multiple,Irrigation",,17.9200,GPM,1.6550,0.0460,39,CRO,Kittitas,T20.0N/R14.0E/27,N2,NW,1,Well,1,Groundwater
G4-35915,6800218,,,,"Morris, Trevor ",Active,Permit,CC,03/22/2017,"Domestic Single,Irrigation",,8.9600,GPM,0.3460,0.0110,39,CRO,Kittitas,T17.0N/R18.0E/08,NW,SW,1,Well,1,Groundwater
G4-35921,6800318,,,,"Oxley, Tyler J",Active,Permit,CC,04/10/2017,"Domestic Single,Irrigation",,4.4800,GPM,0.3460,0.0110,39,CRO,Kittitas,T17.0N/R20.0E/12,,,2,Well,2,Groundwater
G4-35922,6800323,,,,"Oxley, Terry J",Active,Permit,BC,04/10/2017,"Domestic Multiple,Irrigation",,8.9600,GPM,0.6910,0.0230,39,CRO,Kittitas,T17.0N/R20.0E/12,NW,NW,2,Well,2,Groundwater
G4-35925,6800352,,,,"Mancuso, Traci ",Active,Mitigated Water Use Authorization,Final,05/03/2017,"Domestic Single,Irrigation",,,,0.3300,0.0110,39,CRO,Kittitas,T19.0N/R16.0E/24,E2,NE,1,Well,1,Groundwater
G4-35935,6800467,,,,"Tison, Christine ",Active,Permit,CC,05/09/2017,"Domestic Multiple,Irrigation",,8.9600,GPM,0.6590,0.2300,39,CRO,Kittitas,T19.0N/R15.0E/07,,NE,1,Well,1,Groundwater
G4-35942,6800475,,,,"Guinn, Brian ",Active,Permit,Fee,06/26/2017,"Domestic Single,Irrigation",,4.4800,GPM,0.4140,0.0110,39,CRO,Kittitas,T20.0N/R15.0E/24,,,1,Well,1,Groundwater
G4-35947,6800508,,,,"Bailey, Neil ",Active,Permit,CC,07/20/2017,"Domestic Single,Irrigation",,4.4800,GPM,0.3460,0.0110,39,CRO,Kittitas,T19.0N/R17.0E/34,NE,NE,1,Well,1,Groundwater
G4-35957,6800680,,,,"Kirkland, Jeff ",Inactive,New Application,Withdrawn,09/11/2017,"Domestic Single,Irrigation",,,,0.1110,0.0110,39,CRO,Kittitas,T19.0N/R14.0E/01,,,1,Well,1,Groundwater
G4-35958,6800681,,,,"Luebeck, Lisa ",Active,Permit,CC,09/12/2017,"Domestic Single,Irrigation",,4.4800,GPM,0.3300,0.0110,39,CRO,Kittitas,T21.0N/R14.0E/28,NW,NW,1,Well,1,Groundwater
G4-35959,6800682,,,,"Simons, Terilynn ",Active,Permit,CC,09/18/2017,"Domestic Single,Irrigation",,4.4800,GPM,0.4140,0.0110,39,CRO,Kittitas,T19.0N/R15.0E/07,SE,NW,1,Well,1,Groundwater
G4-35960,6800683,,,,"Walmer, Bill ",Active,Permit,CC,09/18/2017,"Domestic Single,Irrigation",,4.4800,GPM,0.4140,0.0110,39,CRO,Kittitas,T19.0N/R15.0E/07,,,1,Well,1,Groundwater
G4-35964,6800715,,,,"Pleasant, Loel ",Active,Permit,CC,10/05/2017,"Domestic Single,Irrigation",,4.4800,GPM,0.4300,0.0110,39,CRO,Kittitas,T19.0N/R17.0E/34,SE,NE,1,Well,1,Groundwater
G4-35965,6800731,,,,"Tappel, Bryan ",Active,Permit,CC,10/06/2017,"Domestic Single,Irrigation",,8.9600,GPM,0.5790,0.0570,39,CRO,Kittitas,T19.0N/R17.0E/34,NE,NE,1,Well,1,Groundwater
G4-35966,6800732,,,,"Flanagan, Thomas F",Active,Permit,CC,10/13/2017,"Domestic Single,Irrigation",,4.4800,GPM,0.4140,0.0110,39,CRO,Kittitas,T20.0N/R15.0E/25,NW,NW,1,Well,1,Groundwater
G4-35971,6800815,,,,"Mcinnes, Malia J",Active,Permit,CC,05/11/2018,"Domestic Single,Irrigation",,4.4800,GPM,0.3300,0.0110,39,CRO,Kittitas,T21.0N/R14.0E/28,NW,NW,1,Well,1,Groundwater
G4-35986,6801076,,,,"Smith, Griffin ",Active,Permit,CC,02/21/2018,"Domestic Single,Irrigation",,4.4800,GPM,0.3300,0.0110,39,CRO,Kittitas,T20.0N/R15.0E/18,SW,NE,1,Well,1,Groundwater
G4-36019,6801627,,,,"Woodrow, Richard ",Active,Permit,CC,08/27/2018,"Domestic Single,Irrigation",,4.4800,GPM,0.4140,0.0110,39,CRO,Kittitas,T19.0N/R14.0E/03,SW,SW,1,Well,1,Groundwater
G4-36024,6801714,,,,Granite Creek Ranches LLC,Active,Permit,CC,10/17/2018,"Domestic Multiple,Irrigation",,8.9600,GPM,0.8270,0.0220,39,CRO,Kittitas,T19.0N/R14.0E/03,SE,SW,1,Well,1,Groundwater
G4-36028,6801779,,,,"Kunzmann, Fred ",Active,Mitigated Water Use Authorization,Final,11/29/2018,"Domestic Multiple,Irrigation",,40.0000,GPM,1.2410,0.0340,39,CRO,Kittitas,T20.0N/R14.0E/28,NW,NW,2,Well,2,Groundwater
G4-36029,6801791,,,,"Haima, Laura ",Active,Permit,CC,12/06/2018,Domestic Single,1,4.4800,GPM,0.3080,,39,CRO,Kittitas,T17.0N/R19.0E/32,SE,SW,1,Well,1,Groundwater
G4-36030,6801792,,,,"Kiel, William James",Active,Mitigated Water Use Authorization,Final,12/31/2018,"Domestic Single,Irrigation",,,,0.3300,0.0110,39,CRO,Kittitas,T20.0N/R16.0E/34,,,1,Well,1,Groundwater
G4-36040,6802172,,,,"Daniels, Christopher ",Active,Mitigated Water Use Authorization,Final,04/22/2019,"Domestic Single,Irrigation",,,,0.3300,0.0110,39,CRO,Kittitas,T19.0N/R16.0E/08,NW,SE,1,Well,1,Groundwater
G4-36044,6802255,,,,"Leung, Eric ",Active,Mitigated Water Use Authorization,Pending,05/06/2019,"Domestic Single,Stockwater","1,1",,,0.4140,0.2070,39,CRO,Kittitas,T21.0N/R15.0E/26,NW,NE,1,Well,1,Groundwater
G4-36046,6802225,,,,"Darling, Gayle L",Active,Permit,BC,05/23/2019,"Domestic Multiple,Irrigation",,31.3600,GPM,2.8960,0.0800,39,CRO,Kittitas,T20.0N/R14.0E/20,,,2,Well,2,Groundwater
G4-36057,6802311,,,,"Flanders, Michael E",Inactive,Permit,Split,06/25/2019,"Domestic Multiple,Irrigation",,40.3200,GPM,3.7230,0.1033,39,CRO,Kittitas,T20.0N/R16.0E/26,NE,SW,2,Well,2,Groundwater
G4-36057(A),6804700,,,,"Flanders, Michael E",Inactive,Superseding Permit,Split,06/25/2019,"Domestic Multiple,Irrigation",,8.9600,GPM,0.8270,0.0229,39,CRO,Kittitas,T20.0N/R16.0E/26,,SW,1,Well,1,Groundwater
G4-36057(Aa),6805899,,,,"Skochdopole, Steve ",Active,Superseding Permit,BC,06/25/2019,"Domestic Single,Irrigation",,4.4800,GPM,0.4135,0.0114,39,CRO,Kittitas,T20.0N/R16.0E/26,,SW,1,Well,1,Groundwater
G4-36057(Ab),6805900,,,,"Gregory, Chris ",Active,Superseding Permit,BC,06/25/2019,"Domestic Single,Irrigation",,4.4800,GPM,0.4135,0.0114,39,CRO,Kittitas,T20.0N/R16.0E/26,,SW,1,Well,1,Groundwater
G4-36057(B),6804701,,,,"Higginbotham, Christopher ",Active,Superseding Permit,CC,06/25/2019,"Domestic Multiple,Irrigation",,8.9600,GPM,0.8270,0.0229,39,CRO,Kittitas,T20.0N/R16.0E/26,,SW,2,Well,2,Groundwater
G4-36057(C),6804702,,,,"Nordstrom, Christopher ",Active,Superseding Permit,CC,06/25/2019,"Domestic Single,Irrigation",,4.4800,GPM,0.4135,0.0114,39,CRO,Kittitas,T20.0N/R16.0E/26,,SW,1,Well,1,Groundwater
G4-36057(D),6804703,,,,"Zygar, John ",Active,Superseding Permit,CC,06/25/2019,"Domestic Multiple,Irrigation",,17.9200,GPM,1.6540,0.0459,39,CRO,Kittitas,T20.0N/R16.0E/26,,SW,4,Well,4,Groundwater
G4-36064,6802356,,,,"Beaulieu, Nathan ",Active,Permit,PA Exam,08/12/2019,"Domestic Single,Irrigation",,8.9700,GPM,0.3460,0.0110,39,CRO,Kittitas,T17.0N/R20.0E/12,NW,NW,1,Well,1,Groundwater
G4-36067,6802384,,,,Kittitas County,Active,Permit,CC,08/23/2019,"Domestic Multiple,Irrigation",,92.6820,GPM,5.5328,2.8800,39,CRO,Kittitas,T17.0N/R20.0E/12,,,16,Well,16,Groundwater
G4-36077,6802514,,,,"Berry, Jessica ",Active,Permit,BC,10/24/2019,"Municipal,Municipal",,100.0000,GPM,26.4760,0.7340,39,CRO,Kittitas,T20.0N/R15.0E/21,,,1,Well,1,Groundwater
G4-36084,6802582,,,,"Adams, David W",Inactive,Mitigated Water Use Authorization,Denied,11/18/2019,"Domestic Single,Irrigation",,,,0.3300,0.0110,39,CRO,Kittitas,T19.0N/R19.0E/29,NE,SE,1,Well,1,Groundwater
G4-36092,6802656,,,,"Keller, Christopher ",Active,Mitigated Water Use Authorization,Fee,01/06/2020,"Domestic Single,Irrigation",,20.0000,GPM,0.3300,0.0110,39,CRO,Kittitas,T20.0N/R16.0E/26,SW,NW,1,Well,1,Groundwater
G4-36100TWC,6805257,,,,WA State Dept of Ecology,Active,Certificate,Final,05/27/2020,"Irrigation,Instream Flow,Mitigation,Frost Protection,Instream Flow,Mitigation",,47600.0000,GPM,4507.7000,1250.0000,40,CRO,Kittitas,T16.0N/R23.0E/33,SW,SE,10,Well,10,Groundwater
G4-36104,6803144,,,,"Peters, Geoff ",Active,Permit,CC,08/31/2020,"Domestic Single,Irrigation",,4.4800,GPM,0.3300,0.0110,39,CRO,Kittitas,T19.0N/R15.0E/07,NE,NE,1,Well,1,Groundwater
G4-36106,6803163,,,,"Thomas, Matthew ",Active,Permit,CC,07/21/2020,"Domestic Single,Irrigation",,4.4800,GPM,0.3460,0.0110,39,CRO,Kittitas,T18.0N/R17.0E/04,SW,SW,1,Well,1,Groundwater
G4-36114,6803286,,,,"Bequette, Ronald ",Active,Mitigated Water Use Authorization,Final,12/02/2020,"Domestic Multiple,Irrigation",,120.0000,GPM,1.9780,0.1170,39,CRO,Kittitas,T20.0N/R16.0E/26,NW,SE,3,Well,3,Groundwater
G4-36117,6803555,,,,"Krebs, Scott T",Active,Permit,CC,12/16/2020,"Domestic Multiple,Irrigation",,8.9600,GPM,0.8270,0.0230,39,CRO,Kittitas,T19.0N/R14.0E/03,SW,SW,1,Well,1,Groundwater
G4-36128,6803727,,,,"Gonzales, Matthew ",Active,Permit,CC,01/13/2021,"Domestic Single,Irrigation",,4.4800,GPM,0.3300,0.0110,39,CRO,Kittitas,T19.0N/R15.0E/07,NE,NE,1,Well,1,Groundwater
G4-36130,6803843,,,,"Giersch, Paul ",Active,Permit,CC,07/26/2021,"Domestic Single,Irrigation",,4.4800,GPM,0.3300,0.0110,39,CRO,Kittitas,T20.0N/R15.0E/24,SE,SW,1,Well,1,Groundwater
G4-36134,6803899,,,,"Schofield, Eileen A",Active,Permit,CC,08/23/2021,"Domestic Single,Irrigation",,4.4800,GPM,0.3300,0.0110,39,CRO,Kittitas,T20.0N/R15.0E/24,SE,SW,1,Well,1,Groundwater
G4-36135,6803902,,,,Kittitas County,Active,New Application,AppAccepted,08/26/2021,"Domestic Multiple,Irrigation",,,,16.8840,1.4740,39,CRO,Kittitas,T18.0N/R17.0E/22,,,1,Well,1,Groundwater
G4-36149,6804477,,,,Thomas & Kathryn Cole Living Trust,Inactive,New Application,Withdrawn,03/25/2022,"Domestic Single,Irrigation",,25.0000,GPM,0.4140,0.0115,39,CRO,Kittitas,T17.0N/R18.0E/08,SE,SW,1,Well,1,Groundwater
G4-36155,6804571,,,,West Richland City,Active,Permit,CC,05/17/2022,Municipal,6611,2000.0000,GPM,3226.0000,,37,CRO,Benton,T10.0N/R27.0E/36,SE,NE,1,Well,1,Groundwater
G4-36161,6804670,,,,Kittitas Reclamation District           ,Active,New Application,ROE-ROD,07/05/2022,Other,,600.0000,GPM,967.8040,,39,CRO,Kittitas,T20.0N/R13.0E/11,SE,NW,1,Well,1,Groundwater
G4-36164,6804754,,,,"Dumas, Kyle ",Active,Mitigated Water Use Authorization,Pending,08/26/2022,"Domestic Single,Irrigation",,,,0.3300,0.0110,39,CRO,Kittitas,T20.0N/R15.0E/14,S2,,1,Well,1,Groundwater
G4-36181,6805618,,,,Blue Gem LLC,Active,Mitigated Water Use Authorization,Fee,10/24/2023,"Domestic General,Irrigation",,,,0.1120,0.0110,39,CRO,Kittitas,T21.0N/R11.0E/01,,NE,1,Well,1,Groundwater
G4-36182,6805619,,,,"Donovan, Richie ",Active,Mitigated Water Use Authorization,Fee,10/30/2023,"Domestic General,Irrigation",,,,0.1120,0.0110,39,CRO,Kittitas,T19.0N/R15.0E/01,,,1,Well,1,Groundwater
G4-36187,6805971,,,,"Quinn, Clay ",Active,Mitigated Water Use Authorization,Pending,03/06/2024,"Domestic Single,Irrigation",,7.0000,GPM,0.4140,,39,CRO,Kittitas,T19.0N/R15.0E/04,NE,NE,1,Well,1,Groundwater
G4-36191,6806457,,,,"Pierce, Dustin ",Active,Mitigated Water Use Authorization,Pending,10/21/2024,"Domestic Single,Irrigation",,15.0000,GPM,0.4350,0.0230,39,CRO,Kittitas,T20.0N/R15.0E/35,,SW,1,Well,1,Groundwater
G4-36193,6806485,,,,"AFC Ranch 5, LLC - Del Fiegel",Active,New Application,AppReceived,10/21/2024,"Irrigation,Frost Protection",,8000.0000,GPM,2110.0000,559.0000,44,CRO,Douglas,T26.0N/R22.0E/11,NW,NW,1,Surface Water Pump,1,Columbia River
G4-36194,6806498,,,,"Swiftwater Ranch, LLC",Active,Mitigated Water Use Authorization,Pending,10/31/2024,"Domestic Single,Irrigation",,30.0000,GPM,0.4140,,39,CRO,Kittitas,T20.0N/R20.0E/16,SE,NW,1,Well,1,Groundwater
G4-36196,6806536,,,,"Ramsey Sr, Kip ",Active,New Application,AppAccepted,11/19/2024,"Commercial and Industrial,Domestic General",,100.0000,GPM,56.0000,,37,CRO,Yakima,T11.0N/R19.0E/01,,W2,1,Well,1,Groundwater
G4-36206,6806763,,,,"Cummings, Chris ",Active,Mitigated Water Use Authorization,Pending,01/31/2025,"Domestic Single,Irrigation",,20.0000,GPM,0.3300,0.0110,39,CRO,Kittitas,T19.0N/R15.0E/07,,,1,Well,1,Groundwater
G4-36217,6806989,,,,"AFC Ranch 7, LLC (Del Feigel, President)",Active,New Application,AppReceived,04/28/2025,"Irrigation,Frost Protection,Domestic Multiple",,3010.0000,GPM,510.2000,102.0000,44,CRO,Douglas,T24.0N/R21.0E/05,NW,NE,7,Well,7,Groundwater
G4-36220,6807053,,,,Anne Watanabe & Lynn Hatcher,Active,Mitigated Water Use Authorization,Pending,04/24/2025,"Domestic General,Irrigation",,20.0000,GPM,0.3300,0.0110,39,CRO,Kittitas,T20.0N/R16.0E/25,,NW,1,Well,1,Groundwater
G4-36224,6807064,,,,Public Utility District No. 1 of Chelan County,Active,New Application,AppAccepted,05/27/2025,"Commercial and Industrial,Domestic General,Municipal",,300.0000,GPM,483.0000,,40,CRO,Chelan,T21.0N/R22.0E/05,,SW,2,Well,2,Groundwater
G4-36234,6807162,,,,"Swiftwater Ranch, LLC",Active,Mitigated Water Use Authorization,Pending,07/22/2025,"Domestic Single,Irrigation",,30.0000,GPM,0.4140,0.0110,39,CRO,Kittitas,T20.0N/R16.0E/34,SE,NW,1,Well,1,Groundwater
G4-36236,6807191,,,,NWFM LLC,Active,Drought Authorization,AppAccepted,08/12/2025,Irrigation,,350.0000,GPM,14.0000,50.4000,37,CRO,Yakima,T11.0N/R21.0E/21,SE,SW,1,Well,1,Groundwater
G4-CV1-4P228C@1a,6806665,CG4-CV1-4P228C@1a,,,WA State Ecology Dept (OCR Water Bank),Active,Superseding Certificate,Superseded,06/01/1942,"Instream Flow,Groundwater Preservation,Mitigation",,189.0000,GPM,179.0000,,40,CRO,Kittitas,T15.0N/R23.0E/21,SE,NE,1,Well,1,Groundwater
G4-CV1-4P228C@1b,6806666,CG4-CV1-4P228C@1b,,,WA State Ecology Dept ,Active,Superseding Certificate,Superseded,06/01/1942,"Instream Flow,Groundwater Preservation,Mitigation",,376.0000,GPM,358.1000,,40,CRO,Kittitas,T15.0N/R23.0E/21,SE,NE,1,Well,1,Groundwater
G4-CV1-4P229C@1a,6806667,CG4-CV1-4P229C@1a,,,WA State Ecology Dept (OCR Water Bank),Active,Superseding Certificate,Superseded,05/01/1943,"Instream Flow,Groundwater Preservation,Mitigation",,38.0000,GPM,35.9000,,40,CRO,Kittitas,T15.0N/R23.0E/16,SW,SE,1,Well,1,Groundwater
G4-CV1-4P229C@1b,6806669,CG4-CV1-4P229C@1b,,,WA State Ecology Dept ,Active,Superseding Certificate,Superseded,05/01/1943,"Instream Flow,Groundwater Preservation,Mitigation",,75.0000,GPM,71.6000,,40,CRO,Kittitas,T15.0N/R23.0E/16,SW,SE,1,Well,1,Groundwater
G4-CV1-4P230C@1a,6806670,CG4-CV1-4P230C@1a,,,WA State Ecology Dept (OCR Water Bank),Active,Superseding Certificate,Superseded,04/01/1944,"Instream Flow,Groundwater Preservation,Mitigation",,38.0000,GPM,35.9000,,40,CRO,Kittitas,T15.0N/R23.0E/15,,,1,Well,1,Groundwater
G4-CV1-4P230C@1b,6806671,CG4-CV1-4P230C@1b,,,WA State Ecology Dept ,Active,Superseding Certificate,Superseded,04/01/1944,"Instream Flow,Groundwater Preservation,Mitigation",,75.0000,GPM,71.6000,,40,CRO,Kittitas,T15.0N/R23.0E/15,,,1,Well,1,Groundwater
G4-CV1-4P231C@1a,6806672,CG4-CV1-4P231C@1a,,,WA State Ecology Dept (OCR Water Bank),Active,Superseding Certificate,Superseded,04/01/1943,"Instream Flow,Groundwater Preservation,Mitigation",,151.0000,GPM,143.1000,,40,CRO,Kittitas,T15.0N/R23.0E/16,SE,NE,1,Well,1,Groundwater
G4-CV1-4P231C@1b,6806673,CG4-CV1-4P231C@1b,,,WA State Ecology Dept ,Active,Superseding Certificate,Superseded,04/01/1943,"Instream Flow,Groundwater Preservation,Mitigation",,302.0000,GPM,286.5000,,40,CRO,Kittitas,T15.0N/R23.0E/16,SE,NE,1,Well,1,Groundwater
G4-CV2P650,4190882,00074-D,,,Auvil Fruit Co Inc*,ChangeInProgress,Certificate of Change,Final,05/07/1924,"Irrigation,Domestic Multiple",,350.0000,GPM,100.0000,25.0000,44,CRO,Douglas,T26.0N/R21.0E/33,,E2,1,Well,1,Groundwater
G4-CV2P651,4190937,00072-D,,,Auvil Fruit Co Inc*,Active,Certificate of Change,Final,05/01/1931,"Irrigation,Domestic General",,540.0000,GPM,260.0000,65.0000,44,CRO,Douglas,T26.0N/R21.0E/33,SE,NE,2,Well,2,Groundwater
G4-GWC4811-A(B),6801572,04811,,,Okanogan Cnty Public Works Dept,Active,Superseding Certificate,Final,09/28/1954,"Municipal,Municipal",,65.0000,GPM,20.2600,,49,CRO,Okanogan,T33.0N/R25.0E/24,SW,NE,1,Well,1,Groundwater
G4-GWC628-D(B),6801575,00628,,,Okanogan Cnty Public Works Dept,Active,Superseding Certificate,Final,01/01/1925,"Municipal,Municipal",,142.0000,GPM,42.1000,,49,CRO,Okanogan,T33.0N/R25.0E/24,SW,NE,1,Well,1,Groundwater
S1-*07323C,6803766,02646,,,CMF Properties Management LLC,Active,Superseding Certificate,Final,07/15/1946,"Irrigation,Irrigation",,0.2500,CFS,40.3000,430.7000,1,NWRO,Whatcom,T40.0N/R02.0E/23,NW,NE,11,Well,11,Groundwater
S1-163865CL(B),6803395,,,,Town of Darrington,Active,Certificate of Change,Final,06/01/1916,"Mitigation,Groundwater Preservation,Instream Flow",,,,100.0000,,4,NWRO,Snohomish,T35.0N/R06.0E/21,,,1,Headworks (Gravity Flow),1,Sauk River
S4-SWC363,6800799,00363,,,"Dawe, Rita ",Active,Superseding Certificate,Final,07/31/1926,Irrigation,,54.0000,GPM,37.9000,9.0000,49,CRO,Okanogan,T35.0N/R26.0E/24,NW,SW,1,Well,1,Groundwater
CG3-28683C@3,6803281,G3-28683C,,,WA Ecology Dept - Union Gap,Active,Change-ROE,ROE-ROD,12/02/2020,"Instream Flow,Mitigation",,2066.0000,GPM,746.0000,,32,ERO,Walla Walla,T07.0N/R31.0E/14,,E2,2,Well,2,Groundwater
CG3-28725C(17-29),6800497,G3-28725C,,,"Kruper, Jan ",Inactive,Trust Water Temporary Donation,DonationExpired,01/11/1990,Other,,0.0000,GPM,78.6500,,32,ERO,Walla Walla,T07.0N/R35.0E/31,SE,SW,2,Well,2,Groundwater
CG3-28736C(A),4307979,G3-28736(A),WALL-06-12,,"Byerley, Russell ",Active,Change-ROE,PA Exam,11/08/2006,Irrigation,,249.0000,GPM,188.0000,78.5000,32,ERO,Walla Walla,T06.0N/R36.0E/08,SW,SW,3,Well,3,Groundwater
CG3-28736C(A)@1,4548296,G3-28736(A),WALL-08-11,,AV Vineyard LLC,Inactive,Change-ROE,Final,10/22/2008,Irrigation,,19.0000,GPM,12.6600,16.8800,32,ERO,Walla Walla,T07.0N/R34.0E/24,SE,SE,4,Well,4,Groundwater
CG3-28736C(A)@4,4673140,G3-28736(A),,,"Byerley, Russell ",Active,Change-ROE,PA Exam,10/22/2008,Irrigation,,1002.0000,GPM,970.0000,403.6000,32,ERO,Walla Walla,T07.0N/R34.0E/24,SE,SE,3,Well,3,Groundwater
CG3-28736C(A)@6,6718575,G3-28736(A),WALL-15-05,,"Curcio Farms, LLC",Inactive,Change-ROE,Final,08/05/2015,Irrigation,,156.0000,GPM,108.0000,45.0000,32,ERO,Walla Walla,T07.0N/R34.0E/33,,NE,1,Well,1,Groundwater
CG3-28850C(A)@2,6805839,G3-28850(A),,,Crown Columbia Water Resources LLC,Inactive,Trust Water Temporary Donation,Withdrawn,11/16/2023,"Irrigation,Groundwater Preservation",,1171.5000,GPM,608.4000,156.2000,35,ERO,Columbia,T12.0N/R37.0E/11,SW,SE,1,Well,1,Groundwater
CG3-28850C(A)@3,6806920,G3-28850(A),,,Crown Columbia Water Resources LLC,Active,Trust Water Temporary Donation,DonationAccept,03/06/2025,"Irrigation,Groundwater Preservation",,1171.5000,GPM,608.4000,156.2000,35,ERO,Columbia,T12.0N/R37.0E/11,SW,SE,1,Well,1,Groundwater
CG3-28850C(B),6800278,G3-28850(B),,,"Bishop Iii, C M",Active,Change-ROE,PA Exam,04/03/2017,"Irrigation,Stockwater",,328.5000,GPM,170.6000,43.8000,35,ERO,Columbia,T12.0N/R37.0E/11,SW,SE,2,Well,2,Groundwater
CG3-29161(A),6803825,G3-29161(A),WALL 20-08,,VFO Walla Walla LLC,Active,Change-ROE,PA Exam,12/02/2020,Irrigation,,1064.0000,GPM,1279.6300,1260.0000,32,ERO,Walla Walla,T07.0N/R33.0E/30,SW,SW,4,Well,4,Groundwater
CG3-29161(C),6804839,G3-29161(C),,,VFO Walla Walla LLC,Inactive,Trust Water Temporary Donation,DonationExpired,09/07/2022,Groundwater Preservation,,1.0000,GPM,0.5000,,32,ERO,Walla Walla,T07.0N/R32.0E/25,SE,SE,4,Well,4,Groundwater
CG3-29161(N-20-07),6803248,,,,VFO Walla Walla LLC,Inactive,Trust Water Temporary Donation,DonationExpired,03/06/1992,Other,,,,270.1300,,32,ERO,Walla Walla,T07.0N/R32.0E/25,SE,SE,4,Well,4,Groundwater
CG3-29702C,6799775,G3-29702,WALL-16-04,,"Nelson, Craig B",Inactive,Change-ROE,Final,10/05/2016,Irrigation,,200.0000,GPM,59.1400,80.6400,32,ERO,Walla Walla,T06.0N/R37.0E/07,SW,NW,1,Well,1,Groundwater
CG3-30740(SC23),6805300,G3-30740,,,"Hyer, Chris ",Inactive,Change-ROE,Expired,02/15/2023,Irrigation,,350.0000,GPM,0.0000,1000.0000,43,ERO,Lincoln,T25.0N/R33.0E/27,N2,NE,2,Well,2,Groundwater
CG3-30740(SC25),6806811,G3-30740,,,"Hyer, Chris ",Active,Change-ROE,ROE-ROD,02/20/2025,Irrigation,,350.0000,GPM,0.0000,1000.0000,43,ERO,Lincoln,T25.0N/R33.0E/27,N2,NE,2,Well,2,Groundwater
CG3-GWC6015(A)@4,6806662,6015-A(A),,,Marlin Hutterian Brethren ,Active,Change Application,AppAccepted,01/21/2025,Irrigation,,250.0000,GPM,269.2500,120.0000,43,ERO,Grant,T23.0N/R29.0E/23,NE,NW,4,Well,4,Groundwater
CG3-GWC7129-A,6800724,7129-A,CHEL-17-04,,Crown West Realty LLC *,Inactive,Change-ROE,Denied,09/18/2017,"Domestic Multiple,Commercial and Industrial,Irrigation,Instream Flow",,,,,,57,ERO,Spokane,T25.0N/R44.0E/01,NW,SW,2,Well,2,Groundwater
CG3-GWC7129-A@1,6800725,7129-A,CHEL-17-11,,Crown West Realty LLC *,Inactive,Change-ROE,Appealed,09/18/2017,"Domestic Multiple,Commercial and Industrial,Irrigation,Instream Flow",,750.0000,GPM,604.0000,,57,ERO,Spokane,T25.0N/R44.0E/01,NW,SW,2,Well,2,Groundwater
CG3-GWC7129-A@2,6800726,7129-A,CHEL-17-18,,Crown West Realty LLC *,Inactive,Change Application,Withdrawn,09/18/2017,"Domestic Multiple,Commercial and Industrial,Irrigation,Instream Flow",,750.0000,GPM,604.0000,,57,ERO,Spokane,T25.0N/R44.0E/01,NW,SW,2,Well,2,Groundwater
CG3-GWC7130-A,6800739,7130-A,CHEL-17-06,,Crown West Realty LLC *,Inactive,Change-ROE,Denied,09/18/2017,"Domestic Multiple,Commercial and Industrial,Instream Flow",,,,,,57,ERO,Spokane,T25.0N/R44.0E/01,NW,SE,2,Well,2,Groundwater
CG3-GWC7130-A@1,6800740,7130-A,CHEL-17-13,,Crown West Realty LLC *,Inactive,Change-ROE,Appealed,09/18/2017,"Domestic Multiple,Commercial and Industrial,Irrigation,Instream Flow",,1350.0000,GPM,1090.0000,,57,ERO,Spokane,T25.0N/R44.0E/01,NW,SE,2,Well,2,Groundwater
CG3-GWC7130-A@2,6800741,7130-A,CHEL-17-20,,Crown West Realty LLC *,Inactive,Change Application,Withdrawn,09/18/2017,"Domestic Multiple,Commercial and Industrial,Irrigation,Instream Flow",,1350.0000,GPM,1090.0000,,57,ERO,Spokane,T25.0N/R44.0E/01,NW,SE,2,Well,2,Groundwater
CG3-GWC7131-A,6800728,7131-A,CHEL-17-08,,Crown West Realty LLC *,Inactive,Change-ROE,Denied,09/18/2017,"Domestic Multiple,Commercial and Industrial,Irrigation,Instream Flow",,,,,,57,ERO,Spokane,T25.0N/R44.0E/12,NW,NW,2,Well,2,Groundwater
CG3-GWC7131-A@1,6800729,7131-A,CHEL-17-15,,Crown West Realty LLC *,Inactive,Change-ROE,Appealed,09/18/2017,"Domestic Multiple,Commercial and Industrial,Irrigation,Instream Flow",,1050.0000,GPM,1694.0000,,57,ERO,Spokane,T25.0N/R44.0E/12,NW,NW,2,Well,2,Groundwater
CG3-GWC7131-A@2,6800730,7131-A,CHEL-17-22,,Crown West Realty LLC *,Inactive,Change Application,Withdrawn,09/18/2017,"Domestic Multiple,Commercial and Industrial,Irrigation,Instream Flow",,1050.0000,GPM,1694.0000,,57,ERO,Spokane,T25.0N/R44.0E/12,NW,NW,2,Well,2,Groundwater
CG3-QB1595@1,6799921,,,,Metro Farms,Inactive,Change Application,AppAccepted,12/14/2016,Irrigation,,1280.0000,GPM,560.0000,160.0000,41,ERO,Grant,T18.0N/R26.0E/30,SE,SW,10,Well,10,Groundwater
CG4-*02626CWRIS@1,6806481,01760,,,"AFC Ranch 5, LLC - Del Fiegel",Active,Change Application,AppReceived,10/21/2024,"Instream Flow,Mitigation",,600.0000,GPM,200.0000,50.0000,44,CRO,Douglas,T26.0N/R22.0E/10,,,1,Well,1,Columbia River
CG4-001123CL(A)@1,6807004,,,,"AFC Ranch 7, LLC (Del Feigel, President)",Active,Change Application,AppReceived,04/28/2025,"Instream Flow,Groundwater Preservation",,200.0000,GPM,84.4600,,44,CRO,Douglas,T25.0N/R21.0E/28,SW,NW,2,Well,2,Groundwater
CG4-001123CL(B),6807003,,,,Davies Brothers Partnership,Active,Change-ROE,Split,04/11/1942,"Domestic Single,Irrigation",,130.0000,GPM,60.1000,11.0000,44,CRO,Douglas,T25.0N/R21.0E/29,N2,SE,1,Well,1,Groundwater
CG4-01171C,6802977,G4-01171   C,,,SKM Paxton LLC,Active,Trust Water Temporary Donation,DonationAccept,04/17/2020,"Instream Flow,Groundwater Preservation",,66.7000,GPM,53.9000,,37,CRO,Yakima,T12.0N/R18.0E/02,NW,SE,1,Well,1,Groundwater
CG4-01179C,5319968,G4-01179   C,,,Trout Unlimited-Washington Water Project,Active,Change-ROE,ROE-ROD,06/15/2012,"Irrigation,Stockwater,Domestic Single",,750.0000,GPM,225.0000,103.0000,49,CRO,Okanogan,T40.0N/R27.0E/12,SE,SW,2,Well,2,Groundwater
CG4-01203C,6007783,G4-01203   C,,,"Mathison *, Kyle D",Inactive,Change-ROE,Superseded,10/30/2013,"Groundwater Preservation,Instream Flow,Mitigation",,,,283.0000,,52,CRO,Okanogan,T36.0N/R30.0E/33,S2,NE,1,Well,1,Groundwater
CG4-02093C,4615087,02093,,,Florence Point LLC,Inactive,Change-ROE,Superseded,01/09/2009,"Domestic General,Irrigation",,200.0000,GPM,32.7200,9.1500,44,CRO,Douglas,T25.0N/R21.0E/29,SW,SE,3,Well,3,Groundwater
CG4-021142CL(A)@1,6806999,,,,"AFC Ranch 7, LLC (Del Feigel, President)",Active,Change Application,AppReceived,04/28/2025,"Instream Flow,Groundwater Preservation",,176.5000,GPM,98.3500,,44,CRO,Douglas,T25.0N/R21.0E/29,NE,SE,2,Well,2,Groundwater
CG4-03378,6805998,02206,BENT-24-03,,PORT OF KENNEWICK,Active,Change Application,AppAccepted,03/28/2024,"Irrigation,Irrigation,Commercial and Industrial",,300.0000,GPM,120.0000,30.0000,31,CRO,Benton,T08.0N/R30.0E/05,,,1,Well,1,Groundwater
CG4-04294,6805994,02720A,BENT-24-05,,Robert Ranch 5+1 LLC,Active,Change-ROE,Split,03/22/2024,"Domestic Single,Irrigation",,500.0000,GPM,444.2000,158.0000,37,CRO,Benton,T12.0N/R24.0E/20,SW,SW,2,Well,2,Groundwater
CG4-04294(A),6807142,02720A,BENT-24-05,,Robert Ranch 5+1 LLC,Active,Change-ROE,ROE-ROD,03/22/2024,"Domestic Single,Irrigation",,250.0000,GPM,259.1000,79.0000,37,CRO,Benton,T12.0N/R24.0E/20,SW,SW,2,Well,2,Groundwater
CG4-04294(B),6807143,02720A,BENT-24-05,,Robert Ranch 5+1 LLC,Active,Change-ROE,ROE-ROD,03/22/2024,"Domestic Single,Irrigation",,250.0000,GPM,259.1000,79.0000,37,CRO,Benton,T12.0N/R24.0E/20,SW,SW,2,Well,2,Groundwater
CG4-046385CL@2,6800693,,,,"Martin, Richard A",Active,Trust Water Temporary Donation,DonationAccept,09/25/2017,"Instream Flow,Groundwater Preservation",,150.0000,GPM,23.6200,,44,CRO,Douglas,T25.0N/R21.0E/29,SE,SE,1,Well,1,Groundwater
CG4-049531CL,6803723,,,,"Sorensen, Patricia ",Active,Trust Water Temporary Donation,DonationAccept,05/27/2021,"Instream Flow,Groundwater Preservation",,35.0000,GPM,2.0000,,39,CRO,Kittitas,T17.0N/R18.0E/12,,,1,Well,1,Groundwater
CG4-069911CL(A)@1,6806994,,,,"AFC Ranch 7, LLC (Del Feigel, President)",Active,Change Application,AppReceived,04/28/2025,"Instream Flow,Groundwater Preservation",,126.4000,GPM,55.8960,,44,CRO,Douglas,T24.0N/R21.0E/05,NE,NW,1,Well,1,Groundwater
CG4-117862CL,6219932,,,,Yakima Cnty Public Services Dept,Active,Trust Water Temporary Donation,DonationAccept,04/15/2014,"Groundwater Preservation,Instream Flow",,293.1000,GPM,135.2500,,38,CRO,Yakima,T14.0N/R17.0E/25,NW,NW,1,Well,1,Groundwater
CG4-121143CL,5725651,,,,Schnibbe Orchards,Active,Change-ROE,PA Exam,05/02/2013,Irrigation,,220.0000,GPM,78.2000,20.0000,44,CRO,Douglas,T22.0N/R21.0E/24,NW,SE,2,Well,2,Groundwater
CG4-145028CL,6800146,,OKAN-17-01,,"Jolley (Deceased), Vaughn ",Inactive,Change Application,Withdrawn,03/06/2017,"Domestic Multiple,Irrigation,Instream Flow",,200.0000,GPM,14.0000,3.0000,48,CRO,Okanogan,T33.0N/R22.0E/20,SW,NE,2,Well,2,Groundwater
CG4-145029CL,6800145,,OKAN-17-02,,"Jolley (Deceased), Vaughn ",Inactive,Change Application,Withdrawn,03/06/2017,"Stockwater,Domestic Multiple",,26.0000,GPM,2.0000,0.0000,48,CRO,Okanogan,T33.0N/R22.0E/20,NE,NW,2,Well,2,Groundwater
CG4-153381CL@2,6800694,,,,"Martin, Richard A",Active,Trust Water Temporary Donation,DonationAccept,09/25/2017,"Instream Flow,Groundwater Preservation",,33.0000,GPM,13.5000,,44,CRO,Douglas,T25.0N/R21.0E/29,SW,SE,1,Well,1,Groundwater
CG4-22741C@2,4678589,G4-22741   C,,,Chechaquo Ranch Owners Association,Inactive,Trust Water Temporary Donation,DonationAccept,04/28/2010,"Groundwater Preservation,Instream Flow",,158.0000,GPM,112.0000,,48,CRO,Okanogan,T36.0N/R20.0E/30,,,1,Well,1,Groundwater
CG4-22813C,6798870,G4-22813   C,YAKI-15-07,,Monson & Son Cattle Co Inc,Active,Change Application,AppAccepted,12/09/2015,"Stockwater,Commercial and Industrial",,200.0000,GPM,168.0000,,39,CRO,Yakima,T14.0N/R18.0E/36,NW,SE,5,Well,5,Groundwater
CG4-23101C@3,5043643,G4-23101   C,BENT-11-06,,Wiser Farms,Active,Change-ROE,BC,12/16/2011,"Municipal,Irrigation",,1200.0000,GPM,645.0000,115.0000,37,CRO,Benton,T08.0N/R28.0E/15,,NW,2,Well,2,Groundwater
CG4-23186@1,6806246,G4-23186   C,,,AFC Ranch 3 LLC,Active,Change Application,AppReceived,06/17/2024,"Groundwater Preservation,Mitigation,Instream Flow",,250.0000,GPM,129.5000,33.0000,44,CRO,Douglas,T26.0N/R21.0E/21,SE,SW,1,Well,1,Groundwater
CG4-23189@1,6806223,G4-23189   C,,,"AFC Ranch 1, LLC",Active,Change Application,AppReceived,06/06/2024,"Groundwater Preservation,Instream Flow,Mitigation",,1000.0000,GPM,512.0000,100.0000,44,CRO,Douglas,T26.0N/R21.0E/33,SE,NE,2,Well,2,Groundwater
CG4-23726C(A10a),6803846,G4-23726   C,,,"Clennon, Barton H",Inactive,Trust Water Temporary Donation,Cancelled,07/09/2021,"Instream Flow,Groundwater Preservation",,40.0000,GPM,20.4000,,44,CRO,Douglas,T25.0N/R21.0E/29,NE,NE,1,Well,1,Groundwater
CG4-23726C(A11a),6803845,G4-23726   C,,,"Clennon, Barton H",Inactive,Trust Water Temporary Donation,Cancelled,07/09/2021,"Instream Flow,Groundwater Preservation",,40.0000,GPM,20.4000,,44,CRO,Douglas,T25.0N/R21.0E/29,NE,NE,1,Well,1,Groundwater
CG4-23726C(A2)@1,6806992,G4-23726   C,,,"AFC Ranch 7, LLC (Del Feigel, President)",Active,Change Application,AppReceived,04/28/2025,"Instream Flow,Groundwater Preservation",,134.1000,GPM,68.3900,,44,CRO,Douglas,T25.0N/R21.0E/29,NE,NE,1,Well,1,Groundwater
CG4-23726C(A3)@1,6806991,G4-23726   C,,,"AFC Ranch 7, LLC (Del Feigel, President)",Active,Change Application,AppReceived,04/28/2025,"Instream Flow,Groundwater Preservation",,131.8000,GPM,67.2200,,44,CRO,Douglas,T25.0N/R21.0E/29,NE,NE,1,Well,1,Groundwater
CG4-23730C(C),6806993,G4-23730   C,,,AFC Ranch 7 LLC,Active,Change Application,AppReceived,04/28/2025,"Instream Flow,Groundwater Preservation",,255.4000,GPM,82.8000,,44,CRO,Douglas,T25.0N/R21.0E/32,SE,SW,1,Well,1,Groundwater
CG4-23992(B)C,5281022,G4-23992(B)C,,,Samra Farms LLC,Active,Trust Water Temporary Donation,DonationAccept,05/23/2012,"Groundwater Preservation,Instream Flow",,,,562.4000,,49,CRO,Okanogan,T37.0N/R27.0E/17,SE,SW,3,Well,3,Groundwater
CG4-23992(C)C,5281053,G4-23992(C)C,,,Samra Farms LLC,Active,Trust Water Temporary Donation,DonationAccept,05/23/2012,"Groundwater Preservation,Instream Flow",,,,433.0000,,49,CRO,Okanogan,T37.0N/R27.0E/17,SE,SW,3,Well,3,Groundwater
CG4-24312P@3,6802389,,,,Trout Unlimited-Washington Water Project,Inactive,Change Application,Withdrawn,06/21/2017,"Instream Flow,Groundwater Preservation",,325.0000,GPM,108.5000,,48,CRO,Okanogan,T36.0N/R19.0E/09,,,1,Well,1,Groundwater
CG4-24314(B)@2,6578311,,,,Trout Unlimited-Washington Water Project,Active,Trust Water Temporary Donation,DonationAccept,05/11/2015,"Instream Flow,Groundwater Preservation",,246.0000,GPM,157.5000,,48,CRO,Okanogan,T36.0N/R19.0E/15,NE,SW,3,Well,3,Groundwater
CG4-24374C@2,6800692,G4-24374   C,,,"Martin, Richard A",Active,Trust Water Temporary Donation,DonationAccept,09/25/2017,"Instream Flow,Groundwater Preservation",,100.0000,GPM,43.7300,,44,CRO,Douglas,T25.0N/R21.0E/28,NW,SW,1,Well,1,Groundwater
CG4-24528C,6801292,G4-24528   C,YAKI-18-05,,Yakima City *,Active,Change-ROE,ROE-ROD,04/06/2018,"Domestic Single,Irrigation,Irrigation",,800.0000,GPM,557.7500,117.0000,37,CRO,Yakima,T13.0N/R18.0E/34,SE,SW,1,Well,1,Groundwater
CG4-24615C,6803117,,YAKI-20-05,,Wooden Shoe LLC,Active,Change Application,AppAccepted,07/21/2020,"Instream Flow,Groundwater Preservation",,316.0000,GPM,150.0000,,37,CRO,Yakima,T11.0N/R21.0E/08,NW,NE,3,Well,3,Groundwater
CG4-24695@1,6807127,G4-24695   C,CHEL-25-02,,Malaga-Colockum Community Council - Vicky Malloy,Active,Change Application,AppAccepted,06/23/2025,"Irrigation,Groundwater Preservation",,150.0000,GPM,42.0000,10.0000,40,CRO,Chelan,T22.0N/R21.0E/28,,,1,Well,1,Groundwater
CG4-24856,6799835,G4-24856   C,,,GOROCH CHESTER,Inactive,Change-ROE,Superseded,03/06/1978,"Domestic Multiple,Irrigation",,300.0000,GPM,282.0000,80.0000,37,CRO,Benton,T09.0N/R25.0E/07,SE,NE,2,Well,2,Groundwater
CG4-25694C,6803823,G4-25694   C,BENT-21- ___,,Frontier Ranchettes HOA,Active,Change Application,AppAccepted,07/09/2021,"Domestic Multiple,Irrigation",,125.0000,GPM,32.0000,,37,CRO,Benton,T08.0N/R27.0E/01,W2,NE,2,Well,2,Groundwater
CG4-25728P@1,6800193,,YAKI-17-01,,Yakima Cnty Terrace Heights Water System,Active,Change Application,AppAccepted,03/10/2017,"Irrigation,Domestic Multiple",,800.0000,GPM,741.0000,,37,CRO,Yakima,T13.0N/R19.0E/10,SE,NE,2,Well,2,Groundwater
CG4-25775,2283496,,,,Yakima Cnty Terrace Heights Water System,Active,Change Application,AppAccepted,06/29/1987,"Domestic Multiple,Irrigation",,400.0000,GPM,371.0000,131.0000,37,CRO,Yakima,T13.0N/R19.0E/10,SE,NE,1,Well,1,Groundwater
CG4-26018C@10,6676437,,,,"U.S. Row Farmland, LLC",Active,Trust Water Temporary Donation,DonationAccept,07/20/2015,"Instream Flow,Groundwater Preservation",,,,277.6000,,31,CRO,Benton,T05.0N/R27.0E/10,SE,SE,8,Surface Water Pump,8,
CG4-26018C@11,6802496,,,,"U.S. Row Farmland, LLC",Active,Trust Water Temporary Donation,DonationAccept,08/02/2019,"Instream Flow,Groundwater Preservation",,1228.0000,GPM,506.4000,,31,CRO,Benton,T05.0N/R27.0E/10,SE,SE,8,Well,8,Groundwater
CG4-26237(B)@1,6802927,G4-26237   G,,,"Fox, Randal W",Active,Change-ROE,ROE-ROD,03/31/2020,"Instream Flow,Groundwater Preservation",,0.5400,GPM,0.1400,,37,CRO,Yakima,T12.0N/R21.0E/21,NE,SE,1,Well,1,Groundwater
CG4-26321@1,6805962,,OKAN-24-02,,Duck Lake Water Association,Active,Change-ROE,ROE-ROD,03/08/2024,"Municipal,Stockwater",,75.0000,GPM,6.0000,,49,CRO,Okanogan,T34.0N/R26.0E/22,NE,NW,3,Well,3,Groundwater
CG4-26362C@1,6803040,G4-26362   C,,,"Hart, Roger B",Active,Trust Water Temporary Donation,DonationAccept,05/22/2020,"Instream Flow,Groundwater Preservation",,75.0000,GPM,4.0000,,37,CRO,Yakima,T12.0N/R21.0E/21,NE,SW,1,Well,1,Groundwater
CG4-26464C@3,6802552,,,,"U.S. Row Farmland, LLC",Active,Trust Water Temporary Donation,DonationAccept,08/02/2019,"Instream Flow,Groundwater Preservation",,1228.0000,GPM,,,31,CRO,Benton,T05.0N/R27.0E/10,SE,SE,8,Well,8,Groundwater
CG4-26464C@6,6805672,,BENT-23-04,,"U.S. Row Farmland, LLC",Inactive,Change-ROE,Split,12/04/2023,"Irrigation,Irrigation",,2200.0000,GPM,1820.0000,455.0000,31,CRO,Benton,T05.0N/R26.0E/07,SW,SW,10,Surface Water Pump,10,Columbia River
CG4-26464C@6(A),6806534,,BENT-23-04,,"Frank Tiegs, LLC",Active,Change-ROE,PA Exam,12/04/2023,Irrigation,,972.0000,GPM,1036.0000,259.0000,31,CRO,Benton,T05.0N/R27.0E/10,SE,SE,8,Well,8,Groundwater
CG4-26464C@6(B),6806535,,BENT-23-04,,"U.S. Row Farmland, LLC",Active,Change-ROE,CC,12/04/2023,Irrigation,,1228.0000,GPM,784.0000,2650.0000,31,CRO,Benton,T05.0N/R26.0E/07,SW,SW,2,Surface Water Pump,2,Columbia River
CG4-26561C,6803553,G4-26561   G,,,Rocky Point Land LLC,Active,Trust Water Temporary Donation,DonationAccept,03/09/2021,"Instream Flow,Groundwater Preservation",,60.0000,GPM,24.0000,,44,CRO,Douglas,T25.0N/R21.0E/16,,,1,Well,1,Groundwater
CG4-26772C,4231774,G4-26772   G,,,"Yaksic, Judie ",Active,Trust Water Temporary Donation,DonationAccept,04/26/2005,"Groundwater Preservation,Instream Flow",,110.0000,GPM,35.0000,,49,CRO,Okanogan,T34.0N/R27.0E/30,SE,NE,1,Well,1,Groundwater
CG4-26840C,6799400,,,,The Highland Partnership*,Inactive,Trust Water Temporary Donation,Rejected,02/16/2016,"Instream Flow,Groundwater Preservation",,2658.0000,GPM,80.7600,321.9000,50,CRO,Okanogan,T30.0N/R26.0E/26,SE,SW,4,Well,4,Groundwater
CG4-26840C(A),6800120,,,,"PAI Goldwater Orchards, LLC",Active,Change-ROE,ROE-ROD,12/09/2013,"Irrigation,Frost Protection,Irrigation,Frost Protection",,4543.0000,GPM,138.0000,550.0000,50,CRO,Okanogan,T30.0N/R26.0E/35,NE,NW,4,Well,4,Groundwater
CG4-26840C(A)@1,6802910,,,,The Highland Partnership*,Inactive,Trust Water Temporary Donation,Rejected,03/03/2020,"Instream Flow,Groundwater Preservation",,4534.0000,GPM,138.0000,,50,CRO,Okanogan,T30.0N/R26.0E/35,NE,NW,4,Well,4,Groundwater
CG4-26840C(A1),6799761,,,,The Highland Partnership*,Inactive,Change Application,Withdrawn,09/29/2016,"Irrigation,Frost Protection,Instream Flow",,4542.0000,GPM,137.9900,228.1000,50,CRO,Okanogan,T30.0N/R26.0E/26,SE,SW,4,Well,4,Groundwater
CG4-26840C(B),6800121,,,,"PAI Goldwater Orchards, LLC",Active,Change-ROE,ROE-ROD,12/09/2013,"Instream Flow,Mitigation,Instream Flow,Mitigation",,1796.0000,GPM,18.1000,,50,CRO,Okanogan,T30.0N/R26.0E/35,NE,NW,4,Well,4,Groundwater
CG4-26840P,6045095,,,,The Highland Partnership*,Inactive,Change-ROE,Split,12/09/2013,"Instream Flow,Irrigation,Frost Protection,Mitigation,Instream Flow,Mitigation,Irrigation,Frost Protection",,4543.0000,GPM,138.0000,550.0000,50,CRO,Okanogan,T30.0N/R26.0E/35,NE,NW,4,Well,4,Groundwater
CG4-26958C,6802994,G4-26958   G,YAKI-20-02,,Northwest Surf Parks LLC,Active,Change-ROE,CC,05/07/2020,"Frost Protection,Stockwater,Irrigation,Recreation - Beautification",,1000.0000,GPM,390.6200,88.5000,37,CRO,Yakima,T13.0N/R20.0E/29,SW,NE,2,Well,2,Groundwater
CG4-26958C@1,6803580,G4-26958   G,,,Roy Farms Inc,Active,Trust Water Temporary Donation,Pending,05/08/2020,"Instream Flow,Groundwater Preservation",,,,213.9000,,37,CRO,Yakima,T13.0N/R20.0E/29,SW,NE,1,Well,1,Groundwater
CG4-27124GWRIS,6806990,G4-27124   G,,,"AFC Ranch 7, LLC (Del Feigel, President)",Active,Change Application,AppReceived,04/29/2025,"Instream Flow,Groundwater Preservation",,150.0000,GPM,60.0000,,44,CRO,Douglas,T24.0N/R21.0E/05,,,1,Well,1,Groundwater
CG4-27263P@1,4596770,,,,"Voss, Rhonda A",Inactive,Trust Water Temporary Donation,DonationExpired,03/02/2009,"Groundwater Preservation,Instream Flow",,160.0000,GPM,56.0000,,49,CRO,Okanogan,T31.0N/R24.0E/24,SW,NW,1,Well,1,Groundwater
CG4-27314C,6804042,G4-27314   C,,,"Bitton, Corey ",Active,Trust Water Temporary Donation,DonationAccept,10/01/2021,"Instream Flow,Groundwater Preservation",,500.0000,GPM,596.0000,,31,CRO,Benton,T08.0N/R30.0E/06,NW,NW,1,Well,1,Groundwater
CG4-27499C@1,6804309,G4-27499   C,,,Battelle Memorial Institute,Active,Trust Water Temporary Donation,Pending,12/22/2021,"Instream Flow,Groundwater Preservation",,,,296.0000,,40,CRO,Benton,T10.0N/R28.0E/23,W2,NW,1,Well,1,Groundwater
CG4-27774C,6799402,,,,The Highland Partnership*,Inactive,Trust Water Temporary Donation,Rejected,02/16/2016,"Instream Flow,Groundwater Preservation",,1032.0000,GPM,242.0000,321.9000,50,CRO,Okanogan,T30.0N/R26.0E/35,NE,NW,4,Well,4,Groundwater
CG4-27774C(A),6800122,,,,"PAI Goldwater Orchards, LLC",Active,Change-ROE,ROE-ROD,12/09/2013,"Frost Protection,Irrigation",,1764.0000,GPM,414.0000,550.0000,50,CRO,Okanogan,T30.0N/R26.0E/35,NE,NW,4,Well,4,Groundwater
CG4-27774C(A)@1,6802906,,,,The Highland Partnership*,Inactive,Trust Water Temporary Donation,Rejected,03/03/2020,"Instream Flow,Groundwater Preservation",,1764.0000,GPM,414.0000,,50,CRO,Okanogan,T30.0N/R26.0E/35,NE,NW,4,Well,4,Groundwater
CG4-27774C(B),6800123,,,,"PAI Goldwater Orchards, LLC",Active,Change-ROE,ROE-ROD,12/09/2013,"Instream Flow,Mitigation",,602.0000,GPM,141.1000,,50,CRO,Okanogan,T30.0N/R26.0E/35,NE,NW,4,Well,4,Groundwater
CG4-27774P,6045111,,,,The Highland Partnership*,Inactive,Change-ROE,Split,12/09/2013,"Instream Flow,Frost Protection,Irrigation,Mitigation",,1764.0000,GPM,414.0000,550.0000,50,CRO,Okanogan,T30.0N/R26.0E/35,NE,NW,4,Well,4,Groundwater
CG4-27775(B)C,6799405,,,,The Highland Partnership*,Inactive,Trust Water Temporary Donation,Rejected,02/16/2016,"Instream Flow,Groundwater Preservation",,430.0000,GPM,38.6000,321.9000,50,CRO,Okanogan,T30.0N/R26.0E/26,SE,SW,5,Well,5,Groundwater
CG4-27775(B)C@1,6802901,,,,The Highland Partnership*,Inactive,Trust Water Temporary Donation,Rejected,03/03/2020,"Instream Flow,Groundwater Preservation",,412.0000,GPM,45.5000,,50,CRO,Okanogan,T30.0N/R26.0E/26,SE,SW,5,Well,5,Groundwater
CG4-27775C(B1),6799763,,,,The Highland Partnership*,Inactive,Change Application,Withdrawn,09/29/2016,"Commercial and Industrial,Domestic Multiple,Irrigation,Instream Flow",,736.0000,GPM,66.0000,228.1000,50,CRO,Okanogan,T30.0N/R26.0E/26,SE,SW,5,Well,5,Groundwater
CG4-27775C(C),6800127,,,,"PAI Goldwater Orchards, LLC",Active,Change-ROE,ROE-ROD,12/09/2013,"Instream Flow,Instream Flow,Mitigation,Mitigation",,736.0000,GPM,66.0000,550.0000,50,CRO,Okanogan,T30.0N/R26.0E/26,SE,SW,5,Well,5,Groundwater
CG4-27775P,6045124,,,,The Highland Partnership*,Inactive,Change-ROE,Split,12/09/2013,"Instream Flow,Commercial and Industrial,Domestic Multiple,Irrigation,Instream Flow,Mitigation,Mitigation",,736.0000,GPM,66.0000,550.0000,50,CRO,Okanogan,T30.0N/R26.0E/26,SE,SW,5,Well,5,Groundwater
CG4-27817@1,6806268,G4-27817   G,,,Van Winkle Orchards Inc,Active,Change Application,AppReceived,06/17/2024,"Groundwater Preservation,Instream Flow,Mitigation",,1120.0000,GPM,97.0000,16.7000,44,CRO,Douglas,T26.0N/R21.0E/21,SW,SW,1,Well,1,Groundwater
CG4-28100C@3,6801954,G4-28100   G,,,"Moore, Kent A",Active,Trust Water Temporary Donation,DonationAccept,05/09/2019,"Instream Flow,Groundwater Preservation",,36.0000,GPM,12.0000,,48,CRO,Okanogan,T30.0N/R24.0E/30,,,1,Well,1,Groundwater
CG4-28211C,6799527,G4-28211   G,,,Hamilton Cellars LLC,Inactive,Trust Water Temporary Donation,DonationExpired,06/27/2016,"Instream Flow,Groundwater Preservation",,20.0000,GPM,13.7800,,37,CRO,Benton,T09.0N/R27.0E/05,NE,SE,1,Well,1,Groundwater
CG4-28264C,6802840,G4-28264   G,KLIC-20-07,,Riggleman Orchards Inc,Active,Change Application,AppAccepted,02/12/2020,"Frost Protection,Irrigation",,400.0000,GPM,508.8000,142.0000,29,CRO,Klickitat,T04.0N/R11.0E/05,SW,NW,1,Well,1,Groundwater
CG4-28310(B)P,6802617,,OKAN-19-06,,"Hunter, Larry ",Inactive,Change-ROE,Final,12/09/2019,"Domestic Single,Irrigation",,68.0000,GPM,70.0000,17.0000,48,CRO,Okanogan,T35.0N/R21.0E/23,NE,NW,1,Well,1,Groundwater
CG4-28483P@1,6802745,,YAKI-20-01,,Black Star Ranch LLC,Inactive,Change Application,Withdrawn,01/03/2020,"Domestic Single,Frost Protection,Irrigation",,650.0000,GPM,545.7000,120.0000,37,CRO,Yakima,T12.0N/R21.0E/29,NE,SW,2,Well,2,Groundwater
CG4-28927C@1,6802223,,YAKI-19-05,,Nob Hill Water Association *,Active,Change-ROE,CC,05/09/2019,"Municipal,Irrigation",,1800.0000,GPM,132.0140,33.0000,37,CRO,Yakima,T13.0N/R17.0E/27,SE,NE,8,Well,8,Groundwater
CG4-28991C,6733281,,YAKI-15-06,,Borton & Sons Inc,Active,Change-ROE,CC,08/14/2015,"Commercial and Industrial,Irrigation",,200.0000,GPM,160.0000,40.0000,37,CRO,Yakima,T12.0N/R18.0E/02,NW,SW,2,Well,2,Groundwater
CG4-29058C,6802978,,,,SKM Paxton LLC,Active,Trust Water Temporary Donation,DonationAccept,04/17/2020,"Instream Flow,Groundwater Preservation",,83.0000,GPM,66.0000,,37,CRO,Yakima,T12.0N/R18.0E/02,NW,SE,1,Well,1,Groundwater
CG4-29262@1,6805960,,OKAN-24-01,,Duck Lake Water Association,Active,Change-ROE,ROE-ROD,03/08/2024,"Municipal,Municipal",,150.0000,GPM,37.5000,15.0000,49,CRO,Okanogan,T34.0N/R26.0E/22,NE,NW,3,Well,3,Groundwater
CG4-29281@1,6806225,,,,"AFC Ranch 1, LLC",Active,Change Application,AppReceived,06/06/2024,"Groundwater Preservation,Instream Flow,Mitigation",,2850.0000,GPM,50.4000,90.0000,44,CRO,Douglas,T26.0N/R21.0E/33,SE,NE,2,Well,2,Groundwater
CG4-29774C,6775470,,DOUG-15-04,,Greater Bar Water District,Active,Change-ROE,CC,09/21/2015,Municipal,,250.0000,GPM,35.0000,,50,CRO,Douglas,T30.0N/R25.0E/33,NE,SE,2,Well,2,Groundwater
CG4-29828C@1a,6805237,,,,WA State Ecology Dept (OCR Water Bank),Inactive,Change-ROE,Final,05/27/2020,"Instream Flow,Groundwater Preservation,Mitigation",,3450.0000,GPM,490.2000,,40,CRO,Kittitas,T15.0N/R23.0E/21,SE,NW,1,Well,1,Groundwater
CG4-29828C@1b,6805238,,,,WA State Ecology Dept ,Inactive,Change-ROE,Final,05/27/2020,"Instream Flow,Groundwater Preservation,Mitigation",,3450.0000,GPM,490.2000,,40,CRO,Kittitas,T15.0N/R23.0E/21,SE,NW,1,Well,1,Groundwater
CG4-29828P,6801594,,,,Auvil Fruit Co Inc*,Inactive,Change-ROE,Expired,08/02/2018,"Instream Flow,Groundwater Preservation",,271.8000,GPM,160.4000,0.0000,40,CRO,Kittitas,T15.0N/R23.0E/21,SE,NW,1,Well,1,Groundwater
CG4-29828P@1,6803050,,,,AFC Ranch 2 LLC,Inactive,Change-ROE,Superseded,05/27/2020,"Instream Flow,Groundwater Preservation,Mitigation",,3450.0000,GPM,490.2000,,40,CRO,Kittitas,T15.0N/R23.0E/21,SE,NW,1,Well,1,Groundwater
CG4-29877P@1,5724163,,OKAN-13-01,,Gebbers Farms Inc c/oTory Wulf,Active,Change-ROE,PA Notice,04/18/2013,"Frost Protection,Irrigation",,1400.0000,GPM,664.7000,160.0000,48,CRO,Okanogan,T30.0N/R23.0E/36,W2,NE,7,Well,7,Groundwater
CG4-29955@1,6806244,G4-29955   G,,,AFC Ranch 3 LLC,Active,Change Application,AppReceived,06/17/2024,"Groundwater Preservation,Instream Flow,Mitigation",,150.0000,GPM,37.6500,10.0000,44,CRO,Douglas,T26.0N/R21.0E/21,SE,SW,1,Well,1,Groundwater
CG4-30100@1,6806221,,,,"AFC Ranch 1, LLC",Active,Change Application,AppReceived,06/06/2024,"Groundwater Preservation,Instream Flow,Mitigation",,1000.0000,GPM,17.7000,,44,CRO,Douglas,T26.0N/R21.0E/33,SE,NE,2,Well,2,Groundwater
CG4-30220P,6801672,,OKAN-18-03,,"Fontaine, Paul J",Inactive,Change-ROE,Superseded,09/17/2018,"Irrigation,Domestic Single",,1200.0000,GPM,424.0000,140.0000,49,CRO,Okanogan,T35.0N/R26.0E/14,NE,NW,2,Well,2,Groundwater
CG4-30233C,6801605,,,,Auvil Fruit Co Inc*,Inactive,Trust Water Temporary Donation,DonationExpired,08/02/2018,"Groundwater Preservation,Instream Flow",,1268.5000,GPM,427.7000,,40,CRO,Kittitas,T15.0N/R23.0E/10,NE,SW,1,Well,1,Groundwater
CG4-30233C@1,6803057,,,,AFC Ranch 2 LLC,Inactive,Change-ROE,Superseded,05/27/2020,"Instream Flow,Groundwater Preservation,Mitigation",,3500.0000,GPM,1241.8000,,40,CRO,Kittitas,T15.0N/R23.0E/10,NE,SW,1,Well,1,Groundwater
CG4-30233C@1a,6805240,,,,WA State Ecology Dept (OCR Water Bank),Inactive,Change-ROE,Final,05/27/2020,Mitigation,,3500.0000,GPM,1241.8000,,40,CRO,Kittitas,T15.0N/R23.0E/10,NE,SW,1,Well,1,Groundwater
CG4-30233C@1b,6805239,,,,WA State Ecology Dept ,Inactive,Change-ROE,Final,05/27/2020,Mitigation,,3500.0000,GPM,1241.8000,,40,CRO,Kittitas,T15.0N/R23.0E/10,NE,SW,1,Well,1,Groundwater
CG4-30234C,6801604,,,,Auvil Fruit Co Inc*,Inactive,Trust Water Temporary Donation,DonationExpired,08/02/2012,"Groundwater Preservation,Instream Flow",,1268.5000,GPM,213.8000,,40,CRO,Kittitas,T15.0N/R23.0E/09,NE,SE,1,Well,1,Groundwater
CG4-30234C@1,6803058,,,,AFC Ranch 2 LLC,Inactive,Change-ROE,Superseded,05/27/2020,"Instream Flow,Groundwater Preservation,Mitigation",,3500.0000,GPM,651.8000,,40,CRO,Kittitas,T15.0N/R23.0E/09,NE,SE,1,Well,1,Groundwater
CG4-30234C@1a,6805241,,,,WA State Ecology Dept (OCR Water Bank),Inactive,Change-ROE,Final,05/27/2020,"Instream Flow,Groundwater Preservation,Mitigation",,3500.0000,GPM,651.8000,,40,CRO,Kittitas,T15.0N/R23.0E/09,NE,SE,1,Well,1,Groundwater
CG4-30234C@1b,6805242,,,,WA State Ecology Dept ,Inactive,Change-ROE,Final,05/27/2020,"Instream Flow,Groundwater Preservation,Mitigation",,3500.0000,GPM,651.8000,,40,CRO,Kittitas,T15.0N/R23.0E/09,NE,SE,1,Well,1,Groundwater
CG4-30318@1,6806897,,YAKI-25-04,,"Deruyter*, George ",Active,Change Application,AppAccepted,03/17/2025,"Dairy,Domestic Single",,300.0000,GPM,196.0000,,37,CRO,Yakima,T10.0N/R22.0E/06,SW,NW,1,Well,1,Groundwater
CG4-30318P,6801993,,YAKI-19-01,,"Deruyter*, George ",Inactive,Change-ROE,Superseded,02/20/2019,"Dairy,Domestic Single",,300.0000,GPM,196.0000,,37,CRO,Yakima,T10.0N/R22.0E/06,SW,NW,1,Well,1,Groundwater
CG4-30396P,6801313,,KLIC-18-02,,Klickitat Cnty PUD 1 *,Inactive,Change-ROE,Superseded,04/13/2018,Municipal,,250.0000,GPM,90.0000,,30,CRO,Klickitat,T02.0N/R15.0E/07,SE,SW,3,Well,3,Groundwater
CG4-30508P@1,4701356,,BENT-10-06,,Candy Mountain LLC,Active,Change-ROE,CC,10/06/2010,"Municipal,Irrigation",,2200.0000,GPM,1082.0000,300.0000,37,CRO,Benton,T08.0N/R28.0E/09,NW,SW,1,Well,1,Groundwater
CG4-31006C@3,6802497,,,,Plymouth Ranch LLC,Active,Trust Water Temporary Donation,DonationAccept,08/02/2019,"Instream Flow,Groundwater Preservation",,1254.6000,GPM,130.0000,,31,CRO,Benton,T05.0N/R27.0E/11,NE,SW,5,Surface Water Pump,5,
CG4-31104C@1a,6805244,,,,WA State Ecology Dept (OCR Water Bank),Inactive,Change-ROE,Final,05/27/2020,"Instream Flow,Groundwater Preservation,Mitigation",,13500.0000,GPM,1475.8000,,40,CRO,Kittitas,T15.0N/R23.0E/03,SW,SW,4,Well,4,Groundwater
CG4-31104C@1b,6805243,,,,WA State Ecology Dept ,Inactive,Change-ROE,Final,05/27/2020,"Instream Flow,Groundwater Preservation,Mitigation",,13500.0000,GPM,1475.8000,,40,CRO,Kittitas,T15.0N/R23.0E/03,SW,SW,4,Well,4,Groundwater
CG4-31104P,6801607,,,,Auvil Fruit Co Inc*,Inactive,Change-ROE,Expired,08/02/2018,"Groundwater Preservation,Instream Flow",,1268.5000,GPM,748.4000,,40,CRO,Kittitas,T16.0N/R23.0E/33,SW,SE,4,Well,4,Groundwater
CG4-31104P@1,6803054,,,,AFC Ranch 2 LLC,Inactive,Change-ROE,Superseded,05/27/2020,"Instream Flow,Groundwater Preservation,Mitigation",,13500.0000,GPM,1475.8000,,40,CRO,Kittitas,T15.0N/R23.0E/03,SW,SW,4,Well,4,Groundwater
CG4-31105C@1a,6805245,,,,WA State Ecology Dept (OCR Water Bank),Inactive,Change-ROE,Final,05/27/2020,"Instream Flow,Mitigation",,151.0000,GPM,169.0000,,40,CRO,Kittitas,T16.0N/R23.0E/33,SW,SE,4,Well,4,Groundwater
CG4-31105C@1b,6805246,,,,WA State Ecology Dept ,Inactive,Change-ROE,Final,05/27/2020,"Instream Flow,Mitigation",,302.0000,GPM,338.0000,,40,CRO,Kittitas,T16.0N/R23.0E/33,SW,SE,4,Well,4,Groundwater
CG4-31105P,6801606,,,,Auvil Fruit Co Inc*,Inactive,Change-ROE,Expired,08/02/2018,"Groundwater Preservation,Instream Flow",,579.9000,GPM,341.2000,,40,CRO,Kittitas,T16.0N/R23.0E/33,SW,SE,4,Well,4,Groundwater
CG4-31105P@1,6803056,,,,AFC Ranch 2 LLC,Inactive,Change-ROE,Superseded,05/27/2020,"Instream Flow,Groundwater Preservation,Mitigation",,6600.0000,GPM,1032.4000,,40,CRO,Kittitas,T16.0N/R23.0E/33,SW,SE,4,Well,4,Groundwater
CG4-31111C,6801603,,,,Auvil Fruit Co Inc*,Inactive,Trust Water Temporary Donation,DonationExpired,08/02/2018,"Groundwater Preservation,Instream Flow",,822.0000,GPM,484.9000,,40,CRO,Kittitas,T15.0N/R23.0E/16,SW,SE,4,Well,4,Groundwater
CG4-31111C@1,6803063,,,,AFC Ranch 2 LLC,Inactive,Change-ROE,Superseded,05/27/2020,"Instream Flow,Groundwater Preservation,Mitigation",,23268.0000,GPM,1709.2000,,40,CRO,Kittitas,T15.0N/R23.0E/16,SW,SE,4,Well,4,Groundwater
CG4-31111C@1a,6805248,,,,WA State Ecology Dept (OCR Water Bank),Inactive,Change-ROE,Final,05/27/2020,"Instream Flow,Groundwater Preservation,Mitigation",,23268.0000,GPM,1709.2000,,40,CRO,Kittitas,T15.0N/R23.0E/16,SW,SE,4,Well,4,Groundwater
CG4-31111C@1b,6805247,,,,WA State Ecology Dept ,Inactive,Change-ROE,Superseded,05/27/2020,"Instream Flow,Groundwater Preservation,Mitigation",,23268.0000,GPM,1709.2000,,40,CRO,Kittitas,T15.0N/R23.0E/16,SW,SE,4,Well,4,Groundwater
CG4-31432P(B),6802989,,CHEL-19-01,,Crown Columbia Water Resources LLC,ChangeInProgress,Change-ROE,ROE-ROD,12/16/2019,"Instream Flow,Mitigation",,65.0000,GPM,60.0000,,45,CRO,Chelan,T28.0N/R16.0E/18,NW,SE,1,Well,1,Groundwater
CG4-32304,6805111,,BENT-23-01,,West Richland City,Active,Change-ROE,ChangeInProgress,03/02/2023,Municipal,,550.0000,GPM,887.2000,,37,CRO,Benton,T09.0N/R28.0E/05,NE,NW,2,Well,2,Groundwater
CG4-32395,6805112,,BENT-23-02,,West Richland City,Active,Change-ROE,ChangeInProgress,03/02/2023,Municipal,2300,2250.0000,GPM,3629.3000,,37,CRO,Benton,T09.0N/R28.0E/05,NE,NW,2,Well,2,Groundwater
CG4-33046,6805519,,YAKI-23-01,,Borton & Sons Inc,Active,Change-ROE,CC,10/04/2023,"Domestic Multiple,Commercial and Industrial,Irrigation,Municipal",,200.0000,GPM,61.1000,1.0000,37,CRO,Yakima,T12.0N/R17.0E/03,NW,NW,6,Well,6,Groundwater
CG4-33051P,6798874,,OKAN-15-10,,Pateros City *,Active,Change-ROE,CC,12/07/2015,Municipal,445,500.0000,GPM,376.0000,,48,CRO,Okanogan,T30.0N/R23.0E/36,NE,SW,4,Well,4,Groundwater
CG4-35251(A1) Pre-App,6803813,,,,"Gates, John T",Active,Change Pre-Application Consultation,PreAppAccepted,06/11/2021,"Domestic Multiple,Irrigation",,17.7300,GPM,2.3090,0.4050,39,CRO,Kittitas,T19.0N/R14.0E/12,NW,NE,5,Well,5,Groundwater
CG4-35763P,6801620,,,,Agnes M Bugni Family Ltd Partnership,Inactive,Change Application,Withdrawn,07/30/2018,"Domestic Multiple,Irrigation",,71.6800,GPM,6.6190,0.1800,39,CRO,Kittitas,T19.0N/R16.0E/02,,,3,Well,3,Groundwater
CG4-35799(E)P,6801404,,,,Kittitas County,Inactive,Change-ROE,Superseded,05/07/2018,Domestic Multiple,467,92.6820,GPM,149.6000,,39,CRO,Kittitas,T16.0N/R19.0E/01,,,28,Well,28,Groundwater
CG4-36155,6807273,,BENT-25-11,,City of West Richland,Active,Change Application,AppAccepted,08/29/2025,Municipal,6611,2000.0000,GPM,3226.0000,,37,CRO,Benton,T10.0N/R27.0E/36,SE,NE,3,Well,3,Groundwater
CG4-81021J,6801216,G4-81021   J,OKAN-18-01,,"Coppock, Donald E",Inactive,Change Application,Withdrawn,03/12/2018,"Frost Protection,Irrigation",,150.0000,GPM,83.0000,20.0000,49,CRO,Okanogan,T34.0N/R26.0E/15,NE,SE,2,Well,2,Groundwater
CG4-ADJ81VOL19P16,2084774,,,,Okanogan Irrigation District,Active,Change-ROE,NA,04/14/1994,"Irrigation,Domestic Multiple,Domestic Single,Commercial and Industrial,Stockwater",,20.0000,CFS,6356.0000,1589.0000,49,CRO,Okanogan,T34.0N/R26.0E/11,,,1,Well,1,Groundwater
CG4-CV1-4P123@1,6806269,,,,"Monroe, Henry Dallas ",Active,Change Application,AppReceived,06/17/2024,"Groundwater Preservation,Instream Flow,Mitigation",,400.0000,GPM,200.0000,40.0000,44,CRO,Douglas,T26.0N/R21.0E/21,SE,SW,2,Well,2,Groundwater
CG4-CV1-4P228,6801601,,,,Auvil Fruit Co Inc*,Inactive,Trust Water Temporary Donation,DonationExpired,08/02/2018,"Groundwater Preservation,Instream Flow",,724.9000,GPM,362.4000,,40,CRO,Kittitas,T15.0N/R23.0E/21,SE,NW,1,Well,1,Groundwater
CG4-CV1-4P228@1,6803065,GWC909-D,,,AFC Ranch 2 LLC,Inactive,Change-ROE,Superseded,05/27/2020,"Instream Flow,Groundwater Preservation,Mitigation",,2000.0000,GPM,1000.0000,,40,CRO,Kittitas,T15.0N/R23.0E/21,SE,NE,1,Well,1,Groundwater
CG4-CV1-4P228C@1a,6805249,GWC909-D,,,WA State Ecology Dept (OCR Water Bank),Inactive,Change-ROE,Final,05/27/2020,"Instream Flow,Groundwater Preservation,Mitigation",,2000.0000,GPM,1000.0000,,40,CRO,Kittitas,T15.0N/R23.0E/21,SE,NE,1,Well,1,Groundwater
CG4-CV1-4P228C@1b,6805250,GWC909-D,,,WA State Ecology Dept ,Inactive,Change-ROE,Final,05/27/2020,"Instream Flow,Groundwater Preservation,Mitigation",,2000.0000,GPM,1000.0000,,40,CRO,Kittitas,T15.0N/R23.0E/21,SE,NE,1,Well,1,Groundwater
CG4-CV1-4P229,6801599,,,,Auvil Fruit Co Inc*,Inactive,Trust Water Temporary Donation,DonationExpired,08/02/2018,"Groundwater Preservation,Instream Flow",,145.0000,GPM,72.5000,,40,CRO,Kittitas,T15.0N/R23.0E/16,SW,SE,1,Well,1,Groundwater
CG4-CV1-4P229@1,6803066,GWC912-D,,,AFC Ranch 2 LLC,Inactive,Change-ROE,Superseded,05/27/2020,"Instream Flow,Groundwater Preservation,Mitigation",,400.0000,GPM,200.0000,,40,CRO,Kittitas,T15.0N/R23.0E/16,SW,SE,1,Well,1,Groundwater
CG4-CV1-4P229C@1a,6805252,GWC912-D,,,WA State Ecology Dept (OCR Water Bank),Inactive,Change-ROE,Final,05/27/2020,"Instream Flow,Groundwater Preservation,Mitigation",,400.0000,GPM,200.0000,,40,CRO,Kittitas,T15.0N/R23.0E/16,SW,SE,1,Well,1,Groundwater
CG4-CV1-4P229C@1b,6805251,GWC912-D,,,WA State Ecology Dept ,Inactive,Change-ROE,Final,05/27/2020,"Instream Flow,Groundwater Preservation,Mitigation",,400.0000,GPM,200.0000,,40,CRO,Kittitas,T15.0N/R23.0E/16,SW,SE,1,Well,1,Groundwater
CG4-CV1-4P230@1,6803067,GWC911-D,,,AFC Ranch 2 LLC,Inactive,Change-ROE,Superseded,05/27/2020,"Instream Flow,Groundwater Preservation,Mitigation",,400.0000,GPM,200.0000,,40,CRO,Kittitas,T15.0N/R23.0E/15,,,1,Well,1,Groundwater
CG4-CV1-4P230C@1a,6805253,GWC911-D,,,WA State Ecology Dept (OCR Water Bank),Inactive,Change-ROE,Final,05/27/2020,"Instream Flow,Groundwater Preservation,Mitigation",,400.0000,GPM,200.0000,,40,CRO,Kittitas,T15.0N/R23.0E/15,,,1,Well,1,Groundwater
CG4-CV1-4P230C@1b,6805254,GWC911-D,,,WA State Ecology Dept ,Inactive,Change-ROE,Final,05/27/2020,"Instream Flow,Groundwater Preservation,Mitigation",,400.0000,GPM,200.0000,,40,CRO,Kittitas,T15.0N/R23.0E/15,,,1,Well,1,Groundwater
CG4-CV1-4P231,6801597,,,,Auvil Fruit Co Inc*,Inactive,Trust Water Temporary Donation,DonationExpired,08/02/2018,"Instream Flow,Groundwater Preservation",,579.9000,GPM,289.9000,0.0000,40,CRO,Kittitas,T15.0N/R23.0E/16,SE,NE,1,Well,1,Groundwater
CG4-CV1-4P231@1,6803068,GWC910-3,,,AFC Ranch 2 LLC,Inactive,Change-ROE,Superseded,05/27/2020,"Instream Flow,Groundwater Preservation,Mitigation",,1600.0000,GPM,800.0000,,40,CRO,Kittitas,T15.0N/R23.0E/16,SE,NE,1,Well,1,Groundwater
CG4-CV1-4P231C@1a,6805256,GWC910-3,,,WA State Ecology Dept (OCR Water Bank),Inactive,Change-ROE,Final,05/27/2020,"Instream Flow,Groundwater Preservation,Mitigation",,1600.0000,GPM,800.0000,,40,CRO,Kittitas,T15.0N/R23.0E/16,SE,NE,1,Well,1,Groundwater
CG4-CV1-4P231C@1b,6805255,GWC910-3,,,WA State Ecology Dept ,Inactive,Change-ROE,Final,05/27/2020,"Instream Flow,Groundwater Preservation,Mitigation",,1600.0000,GPM,800.0000,,40,CRO,Kittitas,T15.0N/R23.0E/16,SE,NE,1,Well,1,Groundwater
CG4-CV1-4P249@2,6799828,04724,,,Burma Shores Inc,Active,Trust Water Temporary Donation,DonationAccept,11/29/2016,"Instream Flow,Groundwater Preservation",,125.6000,GPM,69.4000,,48,CRO,Okanogan,T30.0N/R22.0E/13,,,1,Well,1,Groundwater
CG4-CV1-4P307,6801711,,,,"Gewirtz, Joshua ",Inactive,Trust Water Temporary Donation,DonationExpired,11/01/2018,"Groundwater Preservation,Instream Flow",,162.0000,GPM,72.0000,,48,CRO,Okanogan,T32.0N/R22.0E/20,,,1,Well,1,Groundwater
CG4-CV1-4P307@1,6804475,,,,"Gewirtz, Joshua ",Inactive,Trust Water Temporary Donation,Withdrawn,04/01/2022,"Instream Flow,Groundwater Preservation",,162.0000,GPM,72.0000,18.0000,48,CRO,Okanogan,T32.0N/R22.0E/20,NW,SE,1,Well,1,Groundwater
CG4-CV2P650@1,6806220,00074-D,,,"AFC Ranch 1, LLC",Active,Change Application,AppReceived,06/06/2024,"Groundwater Preservation,Instream Flow,Mitigation",,350.0000,GPM,100.0000,25.0000,44,CRO,Douglas,T26.0N/R21.0E/33,SE,NE,2,Well,2,Groundwater
CG4-CV2P651@1,6806224,00072-D,,,"AFC Ranch 1, LLC",Active,Change Application,AppReceived,06/06/2024,"Groundwater Preservation,Instream Flow,Mitigation",,540.0000,GPM,260.0000,65.0000,44,CRO,Douglas,T26.0N/R21.0E/33,SE,NE,2,Well,2,Groundwater
CG4-CV2P652@1,6806217,00073-D,,,"AFC Ranch 1, LLC",Active,Change Application,AppReceived,06/06/2024,"Groundwater Preservation,Instream Flow,Mitigation",,950.0000,GPM,200.0000,50.0000,44,CRO,Douglas,T26.0N/R21.0E/34,NW,SW,1,Well,1,Groundwater
CG4-GWC01463-A,6799753,01463,,,Borton & Sons Inc,Inactive,Trust Water Temporary Donation,DonationExpired,10/14/2016,"Groundwater Preservation,Instream Flow",,15.0000,GPM,13.2000,,37,CRO,Yakima,T12.0N/R18.0E/02,NE,SW,1,Well,1,Groundwater
CG4-GWC03914,6801674,03914,,,Antoine Valley Ranch,Inactive,Trust Water Temporary Donation,DonationExpired,05/18/2018,"Groundwater Preservation,Instream Flow",,600.0000,GPM,240.0000,,49,CRO,Okanogan,T37.0N/R27.0E/01,E2,NE,1,Well,1,Groundwater
CG4-GWC07184,6802104,07184,,,Stadelman Fruit LLC,Inactive,Trust Water Temporary Donation,DonationExpired,03/27/2019,"Groundwater Preservation,Instream Flow",,2800.0000,GPM,488.9600,75.0000,37,CRO,Yakima,T11.0N/R20.0E/22,SW,NE,2,Well,2,Groundwater
CG4-GWC2553-A,4201570,02553,YAKI-04-14,,Sunnyside City,Active,Change-ROE,PA Notice,09/02/2004,Municipal,,1500.0000,GPM,720.0000,,37,CRO,Yakima,T10.0N/R22.0E/25,SE,NW,3,Well,3,Groundwater
CG4-GWC2553-A@1,4476511,02553,YAKI-07-21,,Sunnyside City,Active,Change-ROE,BC,12/14/2007,Municipal,,1500.0000,GPM,720.0000,,37,CRO,Yakima,T10.0N/R22.0E/25,SE,NW,4,Well,4,Groundwater
CG4-GWC380-D,6803726,00380,,,"Hazen, Charlain E",Inactive,Trust Water Temporary Donation,DonationExpired,06/14/2021,"Instream Flow,Groundwater Preservation",,350.0000,GPM,172.0000,,39,CRO,Yakima,T16.0N/R17.0E/29,SW,NW,1,Well,1,Groundwater
CG4-GWC3914@1,6803299,03914,,,Trout Unlimited-Washington Water Project - Pelly,Active,Change-ROE,ROE-ROD,12/02/2020,"Instream Flow,Groundwater Preservation,Mitigation",,600.0000,GPM,240.0000,,49,CRO,Okanogan,T37.0N/R27.0E/01,E2,NE,1,Well,1,Groundwater
CG4-GWC3966-A@1,6804653,03966,,,"Evans, Reed ",Active,Trust Water Temporary Donation,DonationAccept,06/23/2022,"Instream Flow,Groundwater Preservation",,0.0484,CFS,9.6800,,47,CRO,Chelan,T28.0N/R24.0E/07,SE,NW,1,Well,1,Groundwater
CG4-GWC3966-A@2,6804654,03966,,,"Steel, Todd ",Inactive,Trust Water Temporary Donation,Rejected,06/23/2022,"Instream Flow,Groundwater Preservation",,0.0196,GPM,3.9200,0.9800,47,CRO,Chelan,T28.0N/R24.0E/07,SE,NW,1,Well,1,Groundwater
CG4-GWC4040-A(A)@1,6803640,04040,,,Central Investment Properties,Inactive,Trust Water Temporary Donation,DonationExpired,03/29/2021,"Instream Flow,Groundwater Preservation",,320.0000,GPM,128.0000,,46,CRO,Chelan,T24.0N/R20.0E/24,SW,SW,1,Well,1,Groundwater
CG4-GWC4160-A,6804885,04160,DOUG-22-05,,"Baldock, Stephen ",Inactive,Change-ROE,Split,11/30/2022,"Domestic Single,Irrigation,Irrigation",,110.0000,GPM,48.8000,11.4000,44,CRO,Douglas,T23.0N/R20.0E/15,SE,NE,2,Well,2,Groundwater
CG4-GWC4160-A(A),6805442,04160,DOUG-22-05,,"Tontz Family Investments, LLC",Active,Change-ROE,CC,11/30/2022,"Domestic Single,Irrigation",,77.0000,GPM,27.4000,6.4000,44,CRO,Douglas,T23.0N/R20.0E/15,SE,NE,2,Well,2,Groundwater
CG4-GWC5281@3,6799827,05281,,,Burma Shores Inc,Active,Trust Water Temporary Donation,DonationAccept,11/29/2016,"Instream Flow,Groundwater Preservation",,300.0000,GPM,32.0000,,48,CRO,Okanogan,T30.0N/R22.0E/13,,,1,Well,1,Groundwater
G3-*06919C(A),6805356,4761-A(A),,,"Preso, Janice ",Active,Superseding Certificate,Final,10/18/1963,Irrigation,,178.0000,GPM,252.0000,63.0000,32,ERO,Walla Walla,T06.0N/R36.0E/07,NW,NW,3,Well,3,Groundwater
G3-*06919C(B),6805357,4761-A(B),,,"Reinhardt, Lisa ",Active,Superseding Certificate,Final,10/18/1963,Irrigation,,10.0000,GPM,14.0000,3.5000,32,ERO,Walla Walla,T06.0N/R36.0E/07,NW,NW,2,Well,2,Groundwater
G3-*06919C(C),6805358,4761-A(C),,,"Brandon, Robert And Charlene ",Active,Superseding Certificate,Final,10/18/1963,Irrigation,,8.0000,GPM,11.2000,2.8000,32,ERO,Walla Walla,T06.0N/R36.0E/07,NW,NW,2,Well,2,Groundwater
G3-*06919C(D),6805359,4761-A(D),,,"De La Rosa, Nancy ",Active,Superseding Certificate,Final,10/18/1963,Irrigation,,4.0000,GPM,6.0000,1.5000,32,ERO,Walla Walla,T06.0N/R36.0E/07,NW,NW,2,Well,2,Groundwater
G3-*07287C,6800397,5909-A,,,Marlin Hutterian Brethren ,Active,Superseding Certificate,Final,08/13/1964,"Irrigation,Irrigation",,718.0000,GPM,399.5000,159.8000,41,ERO,Grant,T21.0N/R30.0E/03,SW,NW,1,Well,1,Groundwater
G3-*07382C,6803790,5137-A,,,Warden Hutterian Brethren Trust,Active,Superseding Certificate,Final,11/09/1964,Irrigation,,1650.0000,GPM,2217.0000,1600.0000,41,ERO,Adams,T18.0N/R31.0E/15,NE,SE,2,Well,2,Groundwater
G3-*07789C,6800396,6051-A,,,Marlin Hutterian Brethren ,ChangeInProgress,Superseding Certificate,Final,09/15/1965,"Irrigation,Irrigation",,2000.0000,GPM,800.0000,716.6000,41,ERO,Grant,T22.0N/R30.0E/35,SW,NW,2,Well,2,Groundwater
G3-*08351CWRIS,2140770,6039-A,,,USDOI National Park Service,Active,Certificate,Final,10/21/1966,"Domestic Multiple,Irrigation",,35.0000,GPM,18.0000,2.0000,52,ERO,Ferry,T29.0N/R33.0E/04,NW,SW,1,Well,1,Groundwater
G3-*08512,2140801,7029-A,,,Green Tank Irrigation Dist 11,Active,Certificate,Final,01/30/1967,"Municipal,Municipal",,450.0000,GPM,261.0000,45.0000,32,ERO,Walla Walla,T07.0N/R35.0E/25,,,1,Well,1,Groundwater
G3-*08523C,2140803,6678-A,,,FRANZ V R & P A,Inactive,Certificate,Superseded,02/07/1967,Irrigation,,3000.0000,GPM,3800.0000,950.0000,41,ERO,Adams,T18.0N/R31.0E/13,SW,NW,1,Well,1,Groundwater
G3-*08605C,2140818,6414-A,,,"Schibel, Jeffrey ",ChangeInProgress,Certificate,Final,03/16/1967,Irrigation,,1000.0000,GPM,800.0000,320.0000,41,ERO,Lincoln,T21.0N/R31.0E/36,,,1,Well,1,Groundwater
G3-*08760C,6800393,6695-A,,,Marlin Hutterian Brethren ,Active,Superseding Certificate,Final,05/23/1967,"Irrigation,Irrigation",,800.0000,GPM,316.0000,142.0000,41,ERO,Grant,T22.0N/R30.0E/35,SW,NW,1,Well,1,Groundwater
G3-*08955CWRIS,2140864,7174-A,,,Walla Walla Cnty,Active,Certificate,NA,09/12/1967,"Stockwater,Irrigation,Dust Control",,400.0000,GPM,160.0000,35.0000,32,ERO,Walla Walla,T07.0N/R36.0E/29,SE,SW,1,Well,1,Groundwater
G3-*09001C(A),6799817,6397-A(A),,,Premier Partners IV PL,ChangeInProgress,Superseding Certificate,Final,10/09/1967,"Irrigation,Irrigation",,388.0000,GPM,268.0000,204.5000,32,ERO,Walla Walla,T06.0N/R35.0E/12,NE,SW,1,Well,1,Groundwater
G3-*09263CWRIS,2140597,7261-A,,,PENCE D,ChangeInProgress,Certificate,PartlyRelinquished,03/04/1968,"Domestic Single,Irrigation",,612.5000,GPM,712.0000,561.7000,36,ERO,Adams,T15.0N/R32.0E/01,N2,NE,2,Well,2,Groundwater
G3-*11196CWRIS,2140461,7130-A,,,Spokane Industrial Park Inc,Active,Certificate,ChangeInProgress,08/28/1970,"Domestic Multiple,Commercial and Industrial",,1350.0000,GPM,1090.0000,,57,ERO,Spokane,T25.0N/R44.0E/01,NW,SE,1,Well,1,Groundwater
G3-+00534CWRIS,2140308,G3+00534   C,,,WA Highway Commission,Active,Certificate,Final,10/06/1970,"Domestic Single,Irrigation",,60.0000,GPM,16.0000,3.3000,39,CRO,Yakima,T14.0N/R19.0E/11,NE,SW,2,Well,2,Groundwater
G3-+20232CWRIS,2140222,G3+20232   C,,,HEADLEY JOE R,Active,Certificate,Final,05/30/1972,"Domestic Single,Irrigation",,35.0000,GPM,10.0000,2.0000,37,CRO,Yakima,T12.0N/R18.0E/03,,,1,Well,1,Groundwater
G3-+21187CWRIS,2140076,G3+21187   C,,,PINE CANYON FRUIT CO,Inactive,Certificate,Superseded,05/22/1973,"Domestic Multiple,Commercial and Industrial,Irrigation",,700.0000,GPM,302.1000,55.0000,44,CRO,Douglas,T25.0N/R21.0E/32,SE,NE,2,Well,2,Groundwater
G3-00188C,2139692,G3-00188C,,,"Dreger, Richard ",Inactive,Certificate,Superseded,03/05/1971,Irrigation,,2250.0000,GPM,867.0000,405.0000,43,ERO,Lincoln,T26.0N/R33.0E/34,SE,SW,3,Well,3,Groundwater
G3-00339(B),6800604,G3-00339C(B),,,"Bowers, Harold N",Active,Superseding Certificate,Final,02/16/1968,Irrigation,,20.0000,GPM,32.0000,14.0000,32,ERO,Walla Walla,T07.0N/R35.0E/32,NW,NW,2,Well,2,Groundwater
G3-00815C,6800643,G3-00815C,,,Walla Walla Community College,Active,Superseding Certificate,Final,09/01/1971,"Heat Exchange,Irrigation,Municipal",,950.0000,GPM,334.5000,40.0000,32,ERO,Walla Walla,T07.0N/R36.0E/14,,,1,Well,1,Groundwater
G3-00881C(A),6806410,G3-00881(A),,,"Lyle Ranch & Land, LLC",Active,Superseding Certificate,Final,10/04/1965,Irrigation,,95.7000,GPM,152.2500,87.0000,36,ERO,Adams,T15.0N/R31.0E/15,,,1,Well,1,Groundwater
G3-01015C(A),6806435,G3-01015C(A),,,"Preso, Janice ",Active,Superseding Certificate,Final,08/29/1966,Irrigation,,275.0000,GPM,107.5000,27.5000,32,ERO,Walla Walla,T06.0N/R36.0E/07,NW,NW,1,Well,1,Groundwater
G3-01015C(B),6805355,G3-01015C(B),,,"Reinhardt, Lisa ",Active,Superseding Certificate,Final,08/29/1966,Irrigation,,35.0000,GPM,14.0000,3.5000,32,ERO,Walla Walla,T06.0N/R36.0E/07,NW,NW,1,Well,1,Groundwater
G3-01029(B),6800605,G3-01029C(B),,,"Bowers, Harold N",Active,Superseding Certificate,Final,12/23/1968,Irrigation,,22.0000,GPM,35.0000,14.0000,32,ERO,Walla Walla,T07.0N/R35.0E/32,NW,NW,2,Well,2,Groundwater
G3-01156(A),6801524,G3-01156C(A),,,Stahl Hutterian Brethren Trust,ChangeInProgress,Superseding Certificate,Final,11/15/1967,"Irrigation,Irrigation",,2250.0000,GPM,3062.5000,1225.0000,41,ERO,Adams,T19.0N/R31.0E/14,NE,NE,6,Well,6,Groundwater
G3-01205(A),6803788,G3-01205(A),,,Warden Hutterian Brethren Trust,Active,Superseding Certificate,Final,07/01/1968,"Irrigation,Irrigation",,2274.0000,GPM,2311.5000,924.7000,41,ERO,Adams,T18.0N/R31.0E/13,SW,NW,1,Well,1,Groundwater
G3-01205C(A),6800180,G3-01205(A),,,Warden Hutterian Brethren Trust,Inactive,Superseding Certificate,Superseded,07/01/1968,"Irrigation,Irrigation",,2274.0000,GPM,2311.5000,792.6000,41,ERO,Adams,T18.0N/R31.0E/13,SW,NW,1,Well,1,Groundwater
G3-01205C(B),6800181,G3-01205(B),,,Warden Hutterian Brethren c/o Mr. Paul Wollman,Inactive,Superseding Certificate,Final,07/01/1968,"Irrigation,Irrigation",,850.2000,GPM,863.5000,188.0000,41,ERO,Adams,T18.0N/R31.0E/13,SW,NW,1,Well,1,Groundwater
G3-01205C(B),6806375,G3-01205(B),,,WHB Trust,Active,Superseding Certificate,Final,07/01/1968,"Irrigation,Irrigation",,850.2000,GPM,863.5000,345.4000,41,ERO,Adams,T18.0N/R31.0E/13,SW,NW,1,Well,1,Groundwater
G3-01321C(A),6798911,G3-01321(A),,,"Piper, Stephen & Melodie ",Active,Superseding Certificate,Final,08/14/1967,"Irrigation,Irrigation",,650.0000,GPM,364.0000,130.0000,41,ERO,Grant,T19.0N/R29.0E/11,W2,E2,2,Well,2,Groundwater
G3-01342C,2139426,G3-01342C,,,"Dreger, Edward ",Inactive,Certificate,Superseded,01/25/1968,Irrigation,,2300.0000,GPM,460.0000,230.0000,43,ERO,Lincoln,T25.0N/R34.0E/30,N2,SE,2,Well,2,Groundwater
G3-01342C,6803517,G3-01342C,,,"Dreger, Richard ",Active,Superseding Certificate,Final,01/25/1968,"Irrigation,Irrigation",,2300.0000,GPM,460.0000,230.0000,43,ERO,Lincoln,T25.0N/R34.0E/30,NE,SE,2,Well,2,Groundwater
G3-01347C,6800394,G3-01347C,,,Marlin Hutterian Brethren ,ChangeInProgress,Superseding Certificate,Final,07/17/1967,"Irrigation,Irrigation",,2000.0000,GPM,1135.0000,454.0000,43,ERO,Grant,T22.0N/R30.0E/26,S2,NE,2,Well,2,Groundwater
G3-01366C,2139439,G3-01366C,,,"Dreger, Edward ",Inactive,Certificate,Superseded,09/01/1967,Irrigation,,1850.0000,GPM,1720.5000,675.0000,43,ERO,Lincoln,T26.0N/R33.0E/34,SE,SW,3,Well,3,Groundwater
G3-01495C,6805150,G3-01495C,,,Warden Hutterian Brethren c/o Mr. Paul Wollman,Active,Superseding Certificate,Final,10/14/1968,"Irrigation,Irrigation",,2250.0000,GPM,3024.0000,1495.0900,36,ERO,Adams,T15.0N/R31.0E/05,NW,SE,13,Well,13,Groundwater
G3-20034C(A),6807238,G3-20034C,,,Warden Hutterian Brethren c/o Mr. Paul Wollman,Active,Superseding Certificate,Split,06/13/1972,"Irrigation,Irrigation",,426.1000,GPM,546.3000,250.0000,36,ERO,Adams,T15.0N/R31.0E/24,NW,SW,7,Well,7,Groundwater
G3-20240,2144819,,,,Olberding Family LLC,Inactive,Permit,Split,06/02/1972,Irrigation,,5537.0000,GPM,2486.6000,615.3000,36,ERO,Franklin,T09.0N/R29.0E/03,,E2,2,Well,2,Groundwater
G3-20746C(A),6803802,G3-20746(A),,,"Lomeland, Jonathan ",Active,Superseding Certificate,Final,01/15/1973,Irrigation,,38.0000,GPM,36.5100,10.1200,32,ERO,Walla Walla,T06.0N/R34.0E/08,NW,SE,1,Well,1,Groundwater
G3-20845(A),6807078,G3+20845   C,BENT-20-02,,"Robinson, Todd ",Active,Superseding Certificate,Final,02/20/1973,"Irrigation,Domestic Single",,24.0000,GPM,9.1800,2.0000,37,CRO,Benton,T09.0N/R28.0E/04,NE,NW,1,Well,1,Groundwater
G3-21081C(D),6800255,G3+21081   C,,,Okanogan Cnty Public Works Dept,Active,Superseding Certificate,Final,05/03/1973,"Municipal,Municipal",,0.1700,CFS,22.5000,,49,CRO,Okanogan,T32.0N/R25.0E/20,W2,NW,4,Surface Water Pump,4,Okanogan River
G3-21187C,6805031,G3+21187   C,DOUG-19-06,,ROCS Farms LLC,Active,Superseding Certificate,Final,05/22/1973,"Domestic Multiple,Commercial and Industrial,Irrigation",,700.0000,GPM,247.2000,52.2000,44,CRO,Douglas,T25.0N/R21.0E/32,SW,NE,2,Well,2,Groundwater
G3-21771C(A),6799611,G3+21771   C,,,"Wells, Laura ",Active,Superseding Certificate,Final,09/17/1973,"Domestic Single,Irrigation",,50.0000,GPM,22.5000,5.0000,39,CRO,Yakima,T14.0N/R18.0E/02,NW,SW,1,Well,1,Groundwater
G3-21771C(B),6799612,G3+21771   C,,,"Pimental, Martin ",Active,Superseding Certificate,Final,09/17/1973,"Domestic Single,Irrigation",,50.0000,GPM,22.5000,5.0000,39,CRO,Yakima,T14.0N/R18.0E/02,NW,SW,1,Well,1,Groundwater
G3-22023CWRIS,2138690,G3-22023   C,,,Spokane Industrial Park Inc,Active,Certificate,ChangeInProgress,11/05/1973,"Domestic Multiple,Commercial and Industrial",,2600.0000,GPM,4194.0000,,57,ERO,Spokane,T25.0N/R44.0E/01,,SE,1,Well,1,Groundwater
G3-22573(A),6802115,G3-22573(A),,,Isaak Land Inc,Active,Superseding Certificate,Final,02/20/1974,"Irrigation,Irrigation",,1295.4000,GPM,687.5000,117.0000,42,ERO,Grant,T25.0N/R28.0E/24,NE,SW,4,Well,4,Groundwater
G3-22573(B),6802116,G3-22573(B),,,Isaak Land Inc,Active,Superseding Certificate,Final,02/20/1974,Irrigation,,204.6000,GPM,41.5000,62.0000,42,ERO,Grant,T24.0N/R29.0E/10,NE,NE,3,Well,3,Groundwater
G3-23041C,2138601,G3-23041C,,,Stahl Hutterian Brethren,Active,Certificate,Final,05/08/1974,"Irrigation,Irrigation",,4797.5000,GPM,2398.7500,2374.0000,41,ERO,Adams,T17.0N/R31.0E/04,NW,SW,4,Well,4,Groundwater
G3-23961C,5355594,G3-23961,,,Little Jug Ranch LLC,Active,Superseding Certificate,Final,12/13/1974,"Irrigation,Irrigation",,1200.0000,GPM,362.0000,1474.1700,36,ERO,Adams,T15.0N/R31.0E/32,,SW,4,Well,4,Groundwater
G3-24153C,6800148,G3-24153C,,,Columbia View Water Services,Active,Superseding Certificate,Final,11/20/1974,"Municipal,Municipal",,600.0000,GPM,276.0000,,32,ERO,Walla Walla,T08.0N/R30.0E/12,,NW,3,Well,3,Groundwater
G3-24154C,6800150,G3-24154C,,,Columbia View Water Services,Active,Superseding Certificate,Final,11/20/1974,Municipal,116,600.0000,GPM,276.0000,,32,ERO,Walla Walla,T08.0N/R30.0E/12,NE,NE,3,Well,3,Groundwater
G3-24214C,2138274,G3-24214C,,,LAUDERDALE BRUCE H,Inactive,Certificate,Superseded,03/29/1975,"Irrigation,Irrigation",,720.0000,GPM,469.0000,200.0000,55,ERO,Spokane,T29.0N/R42.0E/14,NE,SE,1,Well,1,Groundwater
G3-24214C(B),6800311,G3-24214(B),,,"Larson, Dana & Gail ",Active,Superseding Certificate,Final,03/29/1975,Irrigation,,115.0000,GPM,74.9400,78.0000,55,ERO,Spokane,T29.0N/R42.0E/14,NE,SE,1,Well,1,Groundwater
G3-24292C,6802837,G3-24292C,,,Johnson Reaugh LLC,Inactive,Superseding Certificate,Superseded,12/24/1974,"Irrigation,Irrigation",,2000.0000,GPM,1290.0000,880.0000,36,ERO,Adams,T15.0N/R31.0E/24,NW,SW,7,Well,7,Groundwater
G3-24292C,6807231,G3-24292C,,,Johnson Reaugh LLC,Inactive,Superseding Certificate,Superseded,12/24/1974,"Irrigation,Irrigation",,2000.0000,GPM,1290.0000,880.0000,36,ERO,Adams,T15.0N/R31.0E/24,NW,SW,7,Well,7,Groundwater
G3-24292C(A),6807232,G3-24292C,,,Warden Hutterian Brethren c/o Mr. Paul Wollman,Active,Superseding Certificate,Split,12/24/1974,"Irrigation,Irrigation",,852.2700,GPM,549.7200,250.0000,36,ERO,Adams,T15.0N/R31.0E/24,NW,SW,7,Well,7,Groundwater
G3-24332C(A),6804952,G3-24332C(A),,,Marlin Hutterian Brethren ,Active,Superseding Certificate,Final,02/07/1975,Irrigation,,833.0000,GPM,0.0000,766.6700,43,ERO,Lincoln,T23.0N/R32.0E/17,,N2,1,Well,1,Groundwater
G3-24332C(B),6804953,G3-24332C(B),,,M&F Weishaar LLC,Active,Superseding Certificate,Final,02/07/1975,Irrigation,,167.0000,GPM,0.0000,153.3300,43,ERO,Lincoln,T23.0N/R32.0E/17,,N2,1,Well,1,Groundwater
G3-24450C(B1),6807255,G3-24450C(B),,,"Hatton Road Farms, LLC (Nicholas Johnson)",Active,Superseding Certificate,Split,04/28/1975,"Irrigation,Irrigation",,1873.2000,GPM,575.0000,230.0000,36,ERO,Adams,T15.0N/R31.0E/24,NW,SW,7,Well,7,Groundwater
G3-24825C(B),2138116,G3-24825C(B),,,Stahl Hutterian Brethren,Active,Certificate,Final,03/12/1976,"Irrigation,Domestic Single,Stockwater",,7219.2000,GPM,5971.8000,3495.0000,41,ERO,Adams,T17.0N/R31.0E/04,NW,SW,4,Well,4,Groundwater
G3-24859C,5355608,G3-24859,,,Little Jug Ranch LLC,Active,Superseding Certificate,Final,04/09/1976,"Irrigation,Irrigation",,2000.0000,GPM,1146.4000,1742.3100,36,ERO,Adams,T15.0N/R31.0E/32,,SW,4,Well,4,Groundwater
G3-24891,2144665,,,,DCM Land LLC,Active,Permit,NA,04/24/1976,Irrigation,,3000.0000,GPM,2204.0000,500.0000,36,ERO,Franklin,T14.0N/R29.0E/20,SE,NW,1,Well,1,Groundwater
G3-24952,6802073,G3-24952,,,Stahl Hutterian Brethren,Active,Superseding Certificate,Final,06/19/1976,Irrigation,,3000.0000,GPM,0.0000,2130.0000,41,ERO,Adams,T19.0N/R31.0E/20,SW,NE,8,Well,8,Groundwater
G3-25235C(B),6799410,G3-25235(B),,,"Hyer, John ",ChangeInProgress,Superseding Certificate,Final,02/28/1977,Irrigation,,738.3000,GPM,553.4000,720.0000,41,ERO,Grant,T20.0N/R30.0E/32,,S2,3,Well,3,Groundwater
G3-25235C(C),6799412,G3-25235(C),,,"Hyer, John ",Inactive,Superseding Certificate,Superseded,02/28/1977,Irrigation,,205.3000,GPM,154.3000,200.0000,41,ERO,Lincoln,T21.0N/R31.0E/15,SW,NE,4,Well,4,Groundwater
G3-25235C(C),6804332,G3-25235(C),,,"Hyer, John ",ChangeInProgress,Superseding Certificate,Final,02/28/1977,Irrigation,,205.3000,GPM,154.3000,200.0000,41,ERO,Grant,T20.0N/R30.0E/32,,S2,3,Well,3,Groundwater
G3-25321C,5355660,G3-25321C,,,Little Jug Ranch LLC,Active,Superseding Certificate,Final,04/12/1977,"Irrigation,Irrigation",,1800.0000,GPM,1146.4000,1742.3100,36,ERO,Adams,T15.0N/R31.0E/32,,SW,4,Well,4,Groundwater
G3-26104,2144725,G3-26104,,,Mattawa City of,Active,Certificate,Final,11/20/1978,Municipal,1290,500.0000,GPM,560.0000,,36,ERO,Grant,T15.0N/R23.0E/35,SE,SW,3,Well,3,Groundwater
G3-26155(C),6800361,,,,Segale Properties LLC,ChangeInProgress,Superseding Permit,PA Exam,02/09/1979,Irrigation,,788.0000,GPM,330.0000,159.0000,41,ERO,Grant,T17.0N/R27.0E/25,SW,NE,1,Well,1,Groundwater
G3-27762GWRIS,2137573,G3-27762   G,,,Bigfork Orchards,Active,Certificate,NA,01/16/1984,Frost Protection,,2010.0000,GPM,316.0000,79.0000,36,ERO,Grant,T14.0N/R23.0E/10,NE,SW,1,Well,1,Groundwater
G3-27763CWRIS,2137574,G3-27763   C,,,Bigfork Associates,Active,Certificate,NA,01/16/1984,Frost Protection,,3600.0000,GPM,480.0000,,36,ERO,Grant,T14.0N/R23.0E/14,SW,SW,1,Well,1,Groundwater
G3-27938C,2144549,G3-27938C,,,Desert Aire Owners Association,Active,Certificate,Final,12/15/1984,Municipal,,600.0000,GPM,0.0000,,36,ERO,Grant,T14.0N/R23.0E/22,NW,SW,2,Well,2,Groundwater
G3-28030C(G),6801731,G3-28030(A),WALL-15-04,,"Curcio Farms, LLC",Active,Superseding Certificate,Final,08/05/1985,Irrigation,,102.0000,GPM,108.0000,45.0000,32,ERO,Walla Walla,T07.0N/R34.0E/33,,NE,1,Well,1,Groundwater
G3-28736C(D),6665905,G3-28736(D),,,AV Vineyard LLC,Active,Superseding Certificate,Final,02/10/1990,Irrigation,,19.0000,GPM,12.6600,12.3000,32,ERO,Walla Walla,T07.0N/R37.0E/17,SE,NE,2,Well,2,Groundwater
G3-28736C(G),6801732,G3-28736(A),WALL-15-05,,"Curcio Farms, LLC",Active,Superseding Certificate,Final,02/10/1990,Irrigation,,156.0000,GPM,108.0000,45.0000,32,ERO,Walla Walla,T07.0N/R34.0E/33,,NE,1,Well,1,Groundwater
G3-28850C(A),6800276,G3-28850(A),,,Tucannon Ag. Partnership,InTrustTemp,Superseding Certificate,InTrustTemporary,09/05/1990,"Irrigation,Groundwater Preservation",,1171.5000,GPM,608.4000,156.2000,35,ERO,Columbia,T12.0N/R37.0E/11,SW,SE,1,Well,1,Groundwater
G3-28850C(B),6800277,G3-28850(B),,,"Bishop Iii, C M",ChangeInProgress,Superseding Certificate,InTrustTemporary,09/05/1990,"Irrigation,Stockwater,Groundwater Preservation",,328.5000,GPM,170.6000,43.8000,35,ERO,Columbia,T12.0N/R37.0E/11,SW,SE,1,Well,1,Groundwater
G3-29161,2144294,,,,VFO Walla Walla LLC,Inactive,Permit,Split,03/06/1992,Irrigation,,2600.0000,GPM,4040.0000,940.0000,32,ERO,Walla Walla,T07.0N/R32.0E/25,SE,SE,4,Well,4,Groundwater
G3-29161(A),6803332,G3-29161(A),,,VFO Walla Walla LLC,ChangeInProgress,Certificate,Final,03/06/1992,Irrigation,,1064.0000,GPM,1279.6300,384.6000,32,ERO,Walla Walla,T07.0N/R32.0E/25,SE,SE,4,Well,4,Groundwater
G3-29161(B),6803333,,,,VFO Walla Walla LLC,Active,Superseding Permit,PA Notice,03/06/1992,Irrigation,,1128.0000,GPM,1752.5000,407.8000,32,ERO,Walla Walla,T07.0N/R32.0E/25,SE,SE,4,Well,4,Groundwater
G3-29161(C),6804491,G3-29161(C),,,VFO Walla Walla LLC,Active,Certificate,Final,03/06/1992,Irrigation,,408.0000,GPM,498.1700,147.6000,32,ERO,Walla Walla,T07.0N/R32.0E/25,SE,SE,4,Well,4,Groundwater
G3-29162(B),6800362,,,,Segale Properties LLC,Active,Superseding Permit,PA Exam,12/13/1991,Irrigation,,612.0000,GPM,126.0000,159.0000,41,ERO,Grant,T17.0N/R27.0E/25,SW,NE,1,Well,1,Groundwater
G3-29217,2144317,G3-29217,,,"Larson, Rose M",Active,Certificate,Final,06/02/1992,"Irrigation,Irrigation",,450.0000,GPM,206.3200,76.5000,32,ERO,Walla Walla,T06.0N/R35.0E/13,,NE,1,Well,1,Groundwater
G3-29420(A),5565951,g3-29420(a),,,Grant Cnty Port Dist 1,Active,Certificate,Final,02/22/1993,"Domestic Multiple,Irrigation,Recreation - Beautification",,150.0000,GPM,7.0100,0.5000,41,ERO,Grant,T19.0N/R24.0E/07,NE,NE,2,Well,2,Groundwater
G3-29631,2129627,,,,Aloha Pines LLC,Active,Permit,PA Notice,03/10/1994,"Municipal,Municipal","113,113",26.0000,GPM,73.0000,,55,ERO,Spokane,T29.0N/R43.0E/11,NW,SW,2,Well,2,Groundwater
G3-29702C,6805906,G3-29702,WALL-16-04,,"Nelson, Craig B",Active,Superseding Certificate,Final,06/22/1994,Irrigation,,200.0000,GPM,59.1400,80.6400,32,ERO,Walla Walla,T06.0N/R37.0E/07,SW,NW,1,Well,1,Groundwater
G3-30247(A),2089173,,,,Beverly Water District,Active,Permit,BC,09/09/1998,"Municipal,Municipal",,300.0000,GPM,120.0000,,41,ERO,Grant,T16.0N/R23.0E/34,SW,NE,2,Well,2,Groundwater
G3-30247(B),5079401,,,,Beverly Water District,Active,New Application,AppAccepted,09/09/1998,Municipal,,300.0000,GPM,126.0000,,41,ERO,Grant,T16.0N/R23.0E/34,SW,NW,2,Well,2,Groundwater
G3-30597,4640332,,,,"Electric City, City of",Active,Permit,BC,07/17/2009,Municipal,523,1200.0000,GPM,70.0000,,42,ERO,Grant,T28.0N/R30.0E/16,NE,NE,5,Well,5,Groundwater
G3-30728C,6325165,G3-30728,,,Sleipness Reserve I LLC,Active,Certificate,Final,11/17/2014,Heat Exchange,,20.0000,GPM,0.0000,,59,ERO,Stevens,T36.0N/R42.0E/04,,E2,2,Well,2,Groundwater
G3-30740,6618373,G3-30740,,,"Hyer, Chris ",ChangeInProgress,Certificate,Final,05/26/2015,Irrigation,,350.0000,GPM,0.0000,1000.0000,43,ERO,Lincoln,T25.0N/R33.0E/27,N2,NE,2,Well,2,Groundwater
G3-30752,6798881,G3-30752,,,Blue Mountain Lavender Farm,Active,Certificate,Final,01/11/2016,Irrigation,,47.0000,GPM,36.0500,9.6400,32,ERO,Walla Walla,T06.0N/R34.0E/08,NW,SE,1,Well,1,Groundwater
G3-30759,6799316,G3-30759,,,"Nelson, Barton R",Active,Certificate,Final,04/18/2016,Irrigation,,600.0000,GPM,340.5700,95.8800,32,ERO,Walla Walla,T06.0N/R36.0E/10,NE,SW,1,Well,1,Groundwater
G3-30765,6799535,,,,Familigia Water District LLC,Active,Permit,CC,10/13/2016,Municipal,,750.0000,GPM,0.0000,,41,ERO,Grant,T19.0N/R23.0E/31,SW,NW,5,Well,5,Groundwater
G3-30767,6799549,G3-30767,,,"Lomeland, Jonathan ",Active,Certificate,Final,07/15/2016,Irrigation,,38.0000,GPM,36.5100,10.1200,32,ERO,Walla Walla,T06.0N/R34.0E/08,NW,SE,1,Well,1,Groundwater
G3-30769,6799594,,,,Live Nation World Wide Inc./The Gorge,Active,Permit,CC,07/28/2016,Domestic General,,275.0000,GPM,0.0000,,41,ERO,Grant,T19.0N/R23.0E/31,SW,NW,3,Well,3,Groundwater
G3-30779,6799834,G3-30779,,,"Nelson, Craig B",Active,Certificate,Final,11/17/2016,Irrigation,,500.0000,GPM,140.3800,80.6400,32,ERO,Walla Walla,T06.0N/R37.0E/07,SW,NW,1,Well,1,Groundwater
G3-30781,6799958,,,,"Chan, Et Al, Gregory ",Active,Permit,PA Notice,01/12/2017,Irrigation,,31.2000,GPM,0.0000,16.0000,32,ERO,Walla Walla,T07.0N/R37.0E/17,NE,NE,1,Well,1,Groundwater
G3-30782,6799957,,,,Kenny Hill Vineyard,Active,Permit,PA Notice,01/12/2017,Irrigation,,46.8000,GPM,0.0000,60.0000,32,ERO,Walla Walla,T07.0N/R37.0E/17,NW,NE,1,Well,1,Groundwater
G3-30794,6800537,,,,Forage Genetics International,Inactive,New Application,Rejected,07/25/2017,Irrigation,,60.0000,GPM,36.0000,9.0000,32,ERO,Walla Walla,T07.0N/R33.0E/34,SW,SW,2,Well,2,Groundwater
G3-30801,6800856,G3-30801,,,"Fazzari, Kyle ",Active,Certificate,Final,12/12/2017,Irrigation,,14.0000,GPM,,2.0000,32,ERO,Walla Walla,T06.0N/R34.0E/04,SE,SE,1,Well,1,Groundwater
G3-30820,6801516,,,,"Brimfield Steel, LLC",Active,Permit,CC,07/03/2018,Irrigation,,424.0000,GPM,190.2000,94.0000,32,ERO,Walla Walla,T06.0N/R36.0E/03,NW,NW,3,Well,3,Groundwater
G3-30844,6801872,,,,Round Lake Farms,Active,Permit,PA Notice,02/05/2019,Irrigation,,1250.0000,GPM,922.0000,497.0000,42,ERO,Grant,T22.0N/R28.0E/19,NW,SE,2,Well,2,Groundwater
G3-30960,6805154,,,,Marlin HB Trust,Active,Permit,PA Notice,04/25/2023,Irrigation,,450.0000,GPM,,,43,ERO,Lincoln,T21.0N/R33.0E/28,N2,NW,1,Well,1,Groundwater
G3-30978,6805876,G3-30978,,,"Spencer, Branden R",Active,Certificate,Final,02/13/2024,Irrigation,,300.0000,GPM,,225.0000,34,ERO,Adams,T18.0N/R38.0E/18,SE,NE,1,Well,1,Groundwater
G3-30979,6805880,,,,Liberty Lake Sewer and  Water District,Active,New Application,AppAccepted,02/21/2024,Municipal,,3700.0000,GPM,,,57,ERO,Spokane,T25.0N/R45.0E/15,SE,SE,4,Well,4,Groundwater
G3-30981,6806104,,,,Copeland Heritage Farm LLC,Active,New Application,AppAccepted,04/30/2024,Irrigation,,800.0000,GPM,464.8300,420.0000,32,ERO,Walla Walla,T06.0N/R36.0E/12,,NE,2,Well,2,Groundwater
G3-30995,6806479,,,,VFO Walla Walla LLC,Active,New Application,AppAccepted,10/28/2024,Irrigation,,2600.0000,GPM,4160.0000,2155.4300,32,ERO,Walla Walla,T07.0N/R33.0E/30,SW,SW,4,Well,4,Groundwater
G3-31003,6806640,,,,Stahl Hutterian Brethren,Active,Certificate,Final,01/16/2025,Irrigation,,1000.0000,GPM,,220.0000,43,ERO,Lincoln,T21.0N/R32.0E/21,SE,SW,1,Well,1,Groundwater
G3-31029,6807211,,,,Consolidated Irrigation Dist 14,Active,New Application,AppAccepted,08/07/2025,Municipal,,945.0000,GPM,,,32,ERO,Walla Walla,T07.0N/R35.0E/26,SW,SE,6,Well,6,Groundwater
G3-CV2-3P49,5767407,G3-21870C,,,WA Ecology Department,Active,Certificate of Change,Final,10/01/1973,"Mitigation,Instream Flow",,829.0000,GPM,566.1000,,59,ERO,Stevens,T31.0N/R40.0E/15,SE,SW,2,Well,2,Groundwater
G4-*01970CWRIS,2084201,00896,,,Pateros Irrigation District,Active,Certificate,Final,05/04/1951,"Domestic Multiple,Irrigation",,1500.0000,GPM,475.0000,95.0000,48,CRO,Okanogan,T30.0N/R23.0E/36,,,1,Well,1,Groundwater
G4-*03007C,2083941,01463,,,KELLY R,Active,Certificate,Final,02/17/1953,"Stockwater,Irrigation",,200.0000,GPM,136.0000,39.0000,37,CRO,Yakima,T12.0N/R18.0E/02,NE,SW,1,Well,1,Groundwater
G4-*03300CWRIS,2083969,02553,,,Sunnyside City,ChangeInProgress,Certificate,Final,07/10/1953,Municipal,,1500.0000,GPM,720.0000,,37,CRO,Yakima,T10.0N/R22.0E/25,SW,NW,1,Well,1,Groundwater
G4-*05909CWRIS,2083697,04022,,,Orondo Orchards Inc,Active,Certificate,Final,04/17/1961,"Domestic Single,Irrigation",,1110.0000,GPM,445.6000,110.0000,44,CRO,Douglas,T25.0N/R21.0E/21,SE,SW,1,Well,1,Groundwater
G4-*07510CWRIS,2083300,05481,,,BURSE H W & VIVIAN,Active,Certificate,Final,03/01/1965,"Irrigation,Domestic Single",,180.0000,GPM,122.0000,30.0000,49,CRO,Okanogan,T36.0N/R26.0E/03,,,1,Well,1,Groundwater
G4-01171(A),6807317,G4-01171   C,,,SKM Paxton LLC,Active,Superseding Certificate,Pending,01/28/1970,"Fire Protection,Irrigation",,66.7000,GPM,53.9000,16.0000,37,CRO,Yakima,T13.0N/R18.0E/02,SW,SE,1,Well,1,Groundwater
G4-01171(B),6807318,G4-01171   C,,,"Borton and Sons, Inc.",Active,Superseding Certificate,Pending,01/28/1970,"Fire Protection,Irrigation",,183.3000,GPM,148.1000,44.0000,37,CRO,Yakima,T13.0N/R18.0E/02,SW,SE,1,Well,1,Groundwater
G4-01203C,6804905,G4-01203   C,,,WA State Ecology Dept ,Active,Superseding Certificate,Final,07/30/1971,"Groundwater Preservation,Instream Flow,Mitigation",,1.5000,GPM,283.0000,,52,CRO,Okanogan,T36.0N/R30.0E/33,S2,NE,1,Well,1,Groundwater
G4-02093C,6801369,02093,,,Florence Point LLC,Active,Superseding Certificate,Final,06/07/1954,"Domestic General,Irrigation",,200.0000,GPM,32.7200,9.1500,44,CRO,Douglas,T25.0N/R21.0E/29,SW,SE,3,Well,3,Groundwater
G4-23730C(B),6805682,G4-23730   C,,,"Goodman, Peggy ",Active,Superseding Certificate,Superseded,12/12/1974,Domestic Multiple,,7.3000,GPM,2.5000,,44,CRO,Douglas,T25.0N/R21.0E/32,SE,SW,1,Well,1,Groundwater
G4-23730CWRIS,2082390,G4-23730   C,,,Double N Orchards,Inactive,Certificate,Final,12/12/1974,"Irrigation,Domestic Multiple",,270.0000,GPM,87.8000,24.0000,44,CRO,Douglas,T25.0N/R21.0E/32,SW,SE,1,Well,1,Groundwater
G4-23992(A)C,6802643,G4-23992(A)C,,,WA Ecology Dept - Union Gap,Active,Superseding Certificate,Final,06/11/1975,"Instream Flow,Mitigation,Groundwater Preservation",,,,958.4000,,49,CRO,Okanogan,T37.0N/R27.0E/17,SE,SW,3,Well,3,Groundwater
G4-24312,2282938,,,,Arrowleaf Homeowners Assn,Active,Certificate,Final,04/16/1976,"Irrigation,Irrigation",,325.0000,GPM,149.4000,58.0000,48,CRO,Okanogan,T36.0N/R19.0E/15,NE,SW,4,Well,4,Groundwater
G4-24313(B)C,2086871,,,,Arrowleaf Homeowners Assn,Active,Certificate,Final,06/16/1976,Irrigation,,39.2000,GPM,24.3800,7.0000,48,CRO,Okanogan,T36.0N/R19.0E/15,NE,SW,4,Well,4,Groundwater
G4-24688CWRIS,2082162,G4-24688   C,,,TRABANT DAN C ETAL,Active,Certificate,Final,02/16/1977,"Domestic Multiple,Irrigation",,320.0000,GPM,233.0000,60.0000,37,CRO,Yakima,T11.0N/R20.0E/09,,NE,2,Well,2,Groundwater
G4-24758P(C) PENDING,6801117,,,,Zirkle Fruit Co *,Inactive,Superseding Permit,Split,02/08/1977,"Groundwater Preservation,Irrigation,Instream Flow",,2386.0000,GPM,889.0000,350.0000,31,CRO,Benton,T06.0N/R28.0E/35,SW,SW,4,Well,4,Groundwater
G4-24856CWRIS,2081927,G4-24856   C,,,GOROCH CHESTER,Active,Certificate,Final,02/28/1977,"Domestic Multiple,Irrigation",,300.0000,GPM,282.0000,80.0000,37,CRO,Benton,T09.0N/R25.0E/07,SE,NE,2,Well,2,Groundwater
G4-25269CWRIS,2081785,G4-25269   C,,,CIRCLE C RANCH,Active,Certificate,Final,05/23/1977,"Domestic Multiple,Fire Protection",,10.0000,GPM,15.0000,,45,CRO,Chelan,T25.0N/R17.0E/12,,,2,Well,2,Groundwater
G4-25337C(A),6799953,G4-25337   C,,,"Johnson, Brian ",Active,Superseding Certificate,Final,06/28/1977,Irrigation,,130.0000,GPM,55.7100,13.0000,48,CRO,Okanogan,T31.0N/R22.0E/27,SE,NW,1,Well,1,Groundwater
G4-25337C(B),6799954,G4-25337   C,,,"Olsen, Thomas ",Active,Superseding Certificate,Final,06/28/1977,Irrigation,,10.0000,GPM,4.2900,1.0000,48,CRO,Okanogan,T31.0N/R22.0E/27,SE,NW,1,Well,1,Groundwater
G4-25715,2283497,,,,Kiona West Heights Association,Active,Certificate,Final,01/30/1978,"Irrigation,Municipal",,220.0000,GPM,120.4500,10.0000,37,CRO,Benton,T09.0N/R26.0E/15,NE,SE,2,Well,2,Groundwater
G4-25728,2283097,,,,Yakima Cnty Terrace Heights Water System,ChangeInProgress,Permit,PA Notice,11/09/1977,"Irrigation,Domestic Multiple",,800.0000,GPM,524.0000,131.0000,37,CRO,Yakima,T13.0N/R19.0E/10,SE,NE,1,Well,1,Groundwater
G4-25892,2283071,,,,Santiago Management Co Inc,Active,Permit,CC,06/05/1978,"Domestic Multiple,Irrigation",,510.0000,GPM,220.0000,10.0000,31,CRO,Benton,T08.0N/R30.0E/20,,,2,Well,2,Groundwater
G4-25938C,2081481,G4-25938   C,,,Vista Vu Water Users Association,Active,Certificate,Final,07/24/1978,Municipal,24,180.0000,GPM,50.0000,,49,CRO,Okanogan,T34.0N/R27.0E/20,W2,SW,1,Well,1,Groundwater
G4-26321C,6802867,,,,Johnson Creek Water Users Assn,Active,Superseding Certificate,Final,07/31/1979,"Municipal,Stockwater",,75.0000,GPM,6.0000,,49,CRO,Okanogan,T34.0N/R26.0E/03,,,1,Well,1,Groundwater
G4-26429,2085407,,,,"Newton, John ",Active,Certificate,Final,10/17/1979,"Irrigation,Stockwater,Domestic Single",,230.0000,GPM,101.2500,22.0000,49,CRO,Okanogan,T40.0N/R25.0E/12,,,1,Well,1,Groundwater
G4-27775(A),6284337,,,,"PAI Goldwater Orchards, LLC",Active,Superseding Permit,CC,11/30/1981,"Commercial and Industrial,Domestic Multiple",,1530.0000,GPM,120.0000,,50,CRO,Okanogan,T30.0N/R26.0E/26,SE,SW,1,Well,1,Groundwater
G4-27775(B),6284348,,,,"PAI Goldwater Orchards, LLC",Active,Certificate,Final,11/30/1981,"Commercial and Industrial,Domestic Multiple,Irrigation",,1067.0000,GPM,96.0000,800.0000,50,CRO,Okanogan,T30.0N/R26.0E/26,SE,SW,5,Well,5,Groundwater
G4-28264GWRIS,2080881,G4-28264   G,,,Riggleman Orchards Inc,ChangeInProgress,Certificate,NA,07/28/1983,"Frost Protection,Irrigation",,400.0000,GPM,508.8000,142.0000,29,CRO,Klickitat,T04.0N/R11.0E/05,SW,NW,1,Well,1,Groundwater
G4-28310(A),6799713,,,,Methow Valley Ranch Ltd Partnership,Active,Superseding Permit,PA Exam,10/11/1983,"Domestic Multiple,Irrigation",,1130.0000,GPM,334.0000,103.0000,48,CRO,Okanogan,T35.0N/R21.0E/23,,,4,Well,4,Groundwater
G4-28310(B),6799714,,,,"Hunter, Larry ",Inactive,Superseding Permit,Superseded,10/11/1983,"Domestic Single,Irrigation",,68.0000,GPM,70.0000,17.0000,48,CRO,Okanogan,T35.0N/R21.0E/23,,,4,Well,4,Groundwater
G4-28310(B),6807079,,OKAN-19-06,,"Hunter, Larry ",Active,Superseding Permit,PA Notice,10/11/1983,"Domestic Single,Irrigation",,68.0000,GPM,70.0000,17.0000,48,CRO,Okanogan,T35.0N/R21.0E/23,NE,NW,1,Well,1,Groundwater
G4-28738(A),2284137,,,,"Longanecker, Robert ",Active,Certificate,Final,07/16/1985,"Domestic Single,Irrigation",,50.0000,GPM,11.2000,2.3000,37,CRO,Yakima,T13.0N/R20.0E/28,SE,SW,1,Well,1,Groundwater
G4-28805,2283277,,,,Elephant Mountain Vineyards LLC,ChangeInProgress,Permit,CC,10/02/1985,"Irrigation,Frost Protection",,1000.0000,GPM,481.7000,116.0000,37,CRO,Yakima,T12.0N/R20.0E/20,S2,SE,1,Well,1,Groundwater
G4-28905(A),2282899,,,,"Timm, Amanda ",Active,Permit,PA Exam,04/03/1986,"Domestic Multiple,Irrigation",,900.0000,GPM,363.0000,90.0000,49,CRO,Okanogan,T32.0N/R25.0E/29,SW,NE,3,Well,3,Groundwater
G4-29165GWRIS,2080449,G4-29165   G,,,"Duguay, William C",Active,Certificate,Final,12/16/1986,"Domestic Single,Stockwater,Irrigation",,40.0000,GPM,14.0000,3.0000,48,CRO,Okanogan,T31.0N/R22.0E/16,,,1,Well,1,Groundwater
G4-29181,2085436,,,,CBO Selah LLC,Active,Permit,BC,01/13/1987,Frost Protection,,3500.0000,GPM,2041.0000,,39,CRO,Kittitas,T15.0N/R19.0E/22,SE,SE,1,Well,1,Groundwater
G4-29262,4189230,,,,Johnson Creek Water Users Assn,Inactive,Permit,Superseded,04/21/1987,"Irrigation,Domestic Multiple",,150.0000,GPM,37.5000,15.0000,49,CRO,Okanogan,T34.0N/R26.0E/03,,,1,Well,1,Groundwater
G4-29262,6802640,,,,Duck Lake Water Association,Active,Superseding Permit,PA Notice,04/21/1987,"Municipal,Municipal",,150.0000,GPM,37.5000,15.0000,49,CRO,Okanogan,T34.0N/R26.0E/03,NW,NW,2,Well,2,Groundwater
G4-29493,2283209,,,,"Minick, Claude P",Active,Certificate,Final,11/10/1987,"Frost Protection,Irrigation",,600.0000,GPM,127.6000,146.2000,37,CRO,Benton,T09.0N/R24.0E/02,,,1,Well,1,Groundwater
G4-29526,2085376,,,,Chiawana Orchards LLC,Active,Permit,PA Exam,11/25/1987,"Irrigation,Irrigation,Frost Protection",,500.0000,GPM,185.3000,115.0000,39,CRO,Kittitas,T16.0N/R19.0E/02,SW,SW,3,Well,3,Groundwater
G4-29578,2075523,,,,"Week *, Glenn E",Active,Certificate,Final,02/03/1988,Municipal,,25.0000,GPM,23.1000,30.0000,45,CRO,Chelan,T27.0N/R17.0E/33,SW,NE,2,Well,2,Infiltration Trench
G4-29579,2282944,,,,Kahler Glen Community Assn,Active,Permit,PA Notice,02/03/1988,"Municipal,Municipal",,200.0000,GPM,158.0000,30.0000,45,CRO,Chelan,T27.0N/R17.0E/33,SE,NW,3,Well,3,Groundwater
G4-29814,2283308,,,,"Haug, Justin ",Active,Certificate,Final,09/28/1988,"Domestic Single,Stockwater",,2.5000,GPM,2.3000,0.5000,49,CRO,Okanogan,T37.0N/R28.0E/30,,,1,Well,1,Groundwater
G4-29828C@1a,6806674,CG4-29828C@1a,,,WA State Ecology Dept (OCR Water Bank),Active,Superseding Certificate,Superseded,10/05/1988,"Instream Flow,Groundwater Preservation,Mitigation",,71.0000,GPM,79.2000,,40,CRO,Kittitas,T15.0N/R23.0E/21,SE,NW,1,Well,1,Groundwater
G4-29828C@1b,6806675,CG4-29828C@1b,,,WA State Ecology Dept ,Active,Superseding Certificate,Superseded,10/05/1988,"Instream Flow,Groundwater Preservation,Mitigation",,141.0000,GPM,158.5000,,40,CRO,Kittitas,T15.0N/R23.0E/21,SE,NW,1,Well,1,Groundwater
G4-29947,2283632,,,,Hidden Hills Resort Inc,Active,Permit,PA Notice,03/02/1989,"Domestic Multiple,Fire Protection",,40.0000,GPM,6.0100,,49,CRO,Okanogan,T36.0N/R25.0E/14,NE,SW,1,Well,1,Groundwater
G4-30032,2283424,,,,Chelan Cnty PUD 1,Active,Permit,PA Exam,07/18/1989,Irrigation,,500.0000,GPM,166.8000,70.0000,45,CRO,Chelan,T23.0N/R20.0E/28,SW,NE,2,Well,2,Groundwater
G4-30153,2283463,,,,Chelan Cnty PUD 1,Active,Permit,PA Exam,02/13/1990,"Municipal,Municipal",,100.0000,GPM,83.0000,,44,CRO,Douglas,T25.0N/R21.0E/03,NW,NW,1,Well,1,Groundwater
G4-30213,2084913,,,,"Jensen, Benny ",Active,Permit,PA Notice,03/19/1990,"Domestic Single,Irrigation,Frost Protection",,10.0000,GPM,1.0000,0.5000,45,CRO,Chelan,T24.0N/R17.0E/24,NE,SE,1,Well,1,Groundwater
G4-30220,6804887,,OKAN-18-03,,"Wilson, Reid Patrick",Active,Superseding Permit,CC,03/30/1990,"Irrigation,Domestic Single",,1200.0000,GPM,424.0000,140.0000,49,CRO,Okanogan,T35.0N/R26.0E/14,NE,NW,2,Well,2,Groundwater
G4-30233C@1a,6806676,CG4-30233C@1a,,,WA State Ecology Dept (OCR Water Bank),Active,Superseding Certificate,Superseded,04/13/1990,Mitigation,,330.0000,GPM,211.2000,,40,CRO,Kittitas,T15.0N/R23.0E/10,NE,SW,1,Well,1,Groundwater
G4-30233C@1b,6806678,CG4-30233C@1b,,,WA State Ecology Dept ,Active,Superseding Certificate,Superseded,04/13/1990,Mitigation,,660.0000,GPM,422.5000,,40,CRO,Kittitas,T15.0N/R23.0E/10,NE,SW,1,Well,1,Groundwater
G4-30234C@1a,6806679,CG4-30234C@1a,,,WA State Ecology Dept (OCR Water Bank),Active,Superseding Certificate,Superseded,04/13/1990,"Instream Flow,Groundwater Preservation,Mitigation",,330.0000,GPM,105.7000,,40,CRO,Kittitas,T15.0N/R23.0E/09,NE,SE,1,Well,1,Groundwater
G4-30234C@1b,6806680,CG4-30234C@1b,,,WA State Ecology Dept ,Active,Superseding Certificate,Superseded,04/13/1990,"Instream Flow,Groundwater Preservation,Mitigation",,660.0000,GPM,211.3000,,40,CRO,Kittitas,T15.0N/R23.0E/09,NE,SE,1,Well,1,Groundwater
G4-30318,6804573,,YAKI-19-01,,"Deruyter*, George ",Active,Superseding Permit,CC,06/26/1990,"Dairy,Domestic Single",,300.0000,GPM,196.0000,,37,CRO,Yakima,T10.0N/R22.0E/06,SW,NW,1,Well,1,Groundwater
G4-30364,2283267,,,,MDJ Contractors LLC,Active,Permit,CC,08/13/1990,"Domestic Multiple,Irrigation",,1000.0000,GPM,346.0000,20.0000,41,CRO,Douglas,T20.0N/R22.0E/13,,,2,Well,2,Groundwater
G4-30371,6802102,,YAKI-12-03,,Sunnyside Dairy LLC,Active,Superseding Permit,CC,07/24/1990,"Domestic Multiple,Dairy,Commercial and Industrial",,300.0000,GPM,159.0000,,37,CRO,Yakima,T11.0N/R22.0E/35,W2,SW,5,Well,5,Groundwater
G4-30396,6802097,,KLIC-18-02,,Klickitat Cnty PUD 1 *,Active,Superseding Permit,CC,09/04/1990,Municipal,,250.0000,GPM,90.0000,,30,CRO,Klickitat,T02.0N/R15.0E/07,SE,SW,3,Well,3,Groundwater
G4-30398,6802081,,YAKI-12-04,,Sunnyside Dairy LLC,Active,Superseding Permit,CC,09/05/1990,"Domestic Multiple,Dairy",,200.0000,GPM,158.0000,,37,CRO,Yakima,T11.0N/R22.0E/35,W2,SW,4,Well,4,Groundwater
G4-30507,2085270,,,,Candy Mountain LLC,Active,Permit,CC,11/30/1990,"Domestic Multiple,Irrigation",,2200.0000,GPM,1082.0000,300.0000,37,CRO,Benton,T08.0N/R28.0E/09,NW,NW,1,Well,1,Groundwater
G4-30509,2283264,,,,Candy Mountain LLC,Active,Permit,CC,11/30/1990,"Irrigation,Domestic Multiple",,2200.0000,GPM,1082.0000,300.0000,37,CRO,Benton,T08.0N/R28.0E/09,SE,NW,1,Well,1,Groundwater
G4-30510,2283811,,,,Candy Mountain LLC,Active,Permit,CC,11/30/1990,"Irrigation,Domestic Multiple",,2200.0000,GPM,1082.0000,300.0000,37,CRO,Benton,T08.0N/R28.0E/09,SW,NE,1,Well,1,Groundwater
G4-30837CWRIS,2080575,G4-30837   C,,,JONES F & J,Active,Certificate,NA,06/14/1991,"Domestic Multiple,Irrigation",,9.0000,GPM,1.4000,0.1250,47,CRO,Chelan,T27.0N/R22.0E/17,NW,NE,1,Well,1,Groundwater
G4-30865,2085427,,,,"Swope, Robert J",Inactive,Permit,Cancelled,07/29/1991,"Domestic Single,Irrigation",,50.0000,GPM,13.0000,3.0000,37,CRO,Yakima,T13.0N/R17.0E/20,SE,SW,1,Well,1,Groundwater
G4-30879,2085346,,,,Kahler Glen Community Assn,Active,Permit,PA Notice,08/02/1991,"Municipal,Municipal",,50.0000,GPM,64.2000,100.0000,45,CRO,Chelan,T27.0N/R17.0E/33,SE,SE,1,Well,1,Groundwater
G4-31010,2085986,,,,"Lucas, Carl ",Active,Report of Examination,ROE-ROD,10/21/1991,"Irrigation,Domestic Multiple",,27.0000,GPM,1.7500,0.2500,47,CRO,Chelan,T27.0N/R21.0E/05,NW,SE,1,Well,1,Groundwater
G4-31064,2283834,,,,Microsoft Corporation,InTrustTemp,Certificate,InTrustTemporary,11/27/1991,"Irrigation,Domestic Multiple",,620.0000,GPM,114.9600,40.0000,40,CRO,Chelan,T22.0N/R21.0E/35,NE,NE,1,Well,1,Groundwater
G4-31104C@1a,6806681,CG4-31104C@1a,,,WA State Ecology Dept (OCR Water Bank),Active,Superseding Certificate,Superseded,12/10/1991,"Instream Flow,Groundwater Preservation,Mitigation",,330.0000,GPM,232.5000,,40,CRO,Kittitas,T15.0N/R23.0E/03,SW,SW,4,Well,4,Groundwater
G4-31104C@1b,6806683,CG4-31104C@1b,,,WA State Ecology Dept ,Active,Superseding Certificate,Superseded,12/10/1991,"Instream Flow,Groundwater Preservation,Mitigation",,660.0000,GPM,465.1000,,40,CRO,Kittitas,T15.0N/R23.0E/03,SW,SW,4,Well,4,Groundwater
G4-31105C@1a,6806684,CG4-31105C@1a,,,WA State Ecology Dept (OCR Water Bank),Active,Superseding Certificate,Superseded,12/10/1991,"Instream Flow,Mitigation",,151.0000,GPM,169.0000,,40,CRO,Kittitas,T16.0N/R23.0E/33,SW,SE,4,Well,4,Groundwater
G4-31105C@1b,6806685,CG4-31105C@1b,,,WA State Ecology Dept ,Active,Superseding Certificate,Superseded,12/10/1991,"Instream Flow,Mitigation",,302.0000,GPM,338.0000,,40,CRO,Kittitas,T16.0N/R23.0E/33,SW,SE,4,Well,4,Groundwater
G4-31111C@1a,6806658,CG4-31111C@1a,,,WA State Ecology Dept (OCR Water Bank),Active,Superseding Certificate,Superseded,12/10/1991,"Instream Flow,Groundwater Preservation,Mitigation",,214.0000,GPM,239.6000,,40,CRO,Kittitas,T15.0N/R23.0E/16,SW,SE,4,Well,4,Groundwater
G4-31111C@1b,6806687,CG4-31111C@1b,,,WA State Ecology Dept ,Active,Superseding Certificate,Superseded,12/10/1991,"Instream Flow,Groundwater Preservation,Mitigation",,428.0000,GPM,479.1000,,40,CRO,Kittitas,T15.0N/R23.0E/16,SW,SE,4,Well,4,Groundwater
G4-31369,2086267,,,,Chalone Wine Group,Inactive,New Application,Rejected,06/17/1992,"Domestic Multiple,Commercial and Industrial",,150.0000,GPM,,,31,CRO,Benton,T05.0N/R24.0E/25,,,1,Well,1,Groundwater
G4-31392,2075520,,,,Kahler Glen Golf and Ski Resort LLC,Active,Certificate,Final,07/16/1992,Municipal,,150.0000,GPM,40.0000,75.0000,45,CRO,Chelan,T27.0N/R17.0E/33,,SE,2,Well,2,Groundwater
G4-31724,2085307,,,,Kittitas Cnty Water District 7,Active,Permit,CC,05/11/1993,"Municipal,Municipal",,250.0000,GPM,50.0000,,39,CRO,Kittitas,T19.0N/R16.0E/25,NW,NE,2,Well,2,Groundwater
G4-32007,2086597,,,,"Davis, Jacqueline D",Inactive,New Application,Rejected,05/23/1994,"Domestic Multiple,Irrigation",,195.0000,GPM,79.0000,17.0000,39,CRO,Kittitas,T18.0N/R17.0E/25,,,2,Well,2,Groundwater
G4-32057,2086610,,,,"Johnson, Robert K",Active,Permit,CC,04/22/1994,"Domestic Multiple,Irrigation",,50.0000,GPM,51.5000,11.3000,45,CRO,Chelan,T24.0N/R17.0E/35,SW,NE,2,Well,2,Groundwater
G4-32304,2085364,,,,West Richland City,ChangeInProgress,Permit,CC,03/16/1995,Municipal,,550.0000,GPM,887.2000,,37,CRO,Benton,T09.0N/R28.0E/05,NE,NW,1,Well,1,Groundwater
G4-32362,2084901,,,,Watson's Harverene Resort Inc,Active,Permit,CC,10/03/1995,"Municipal,Irrigation",,125.0000,GPM,113.0000,17.0000,47,CRO,Chelan,T27.0N/R21.0E/04,NW,NE,1,Well,1,Groundwater
G4-32395,2084992,,,,West Richland City,ChangeInProgress,Permit,CC,12/21/1995,Municipal,2300,2250.0000,GPM,3629.3000,,37,CRO,Benton,T09.0N/R28.0E/05,NE,NW,1,Well,1,Groundwater
G4-32828,2032645,,,,Stehekin Valley Ranch,Active,Permit,CC,12/21/1998,"Fire Protection,Irrigation,Stockwater,Domestic Multiple,Irrigation,Domestic Multiple",,90.0000,GPM,54.5400,13.1800,47,CRO,Chelan,T33.0N/R17.0E/07,NE,NW,2,Well,2,Groundwater
G4-32888,2032367,,,,"Gebbers *, Mac ",Active,New Application,AppAccepted,09/17/1999,"Irrigation,Domestic Multiple",,200.0000,GPM,,10.0000,49,CRO,Okanogan,T30.0N/R24.0E/11,,,1,Well,1,Groundwater
G4-32977-23,6805399,,,,SERC LLC,Inactive,New Application,Withdrawn,07/27/2023,Irrigation,,700.0000,GPM,150.0000,556.8800,37,CRO,Yakima,T12.0N/R20.0E/13,NE,NW,1,Well,1,Groundwater
G4-33046,5042503,G4-33046C,,,"Twin Bluffs, LLC",ChangeInProgress,Certificate,Final,12/12/2011,"Domestic Multiple,Irrigation",,200.0000,GPM,61.1000,1.0000,37,CRO,Yakima,T12.0N/R17.0E/04,SE,NE,2,Well,2,Groundwater
G4-33109,6125966,,,,"PAI Goldwater Orchards, LLC",Active,Permit,CC,12/10/2013,"Frost Protection,Irrigation,Municipal,Irrigation",,2693.0000,GPM,1125.0000,250.0000,50,CRO,Douglas,T30.0N/R26.0E/25,,,1,Well,1,Groundwater
G4-33117,6220042,,,,"Burnett, Tom W",Active,Permit,CC,01/24/2014,Municipal,,100.0000,GPM,13.3000,,47,CRO,Chelan,T29.0N/R21.0E/30,NE,NE,2,Well,2,Groundwater
G4-33141-23,6805400,,,,Zirkle Fruit Company,Inactive,Drought Authorization,SpAlloc,07/28/2023,Irrigation,,60.0000,GPM,5.1000,56.9000,37,CRO,Yakima,T11.0N/R21.0E/30,NW,NE,1,Well,1,Groundwater
G4-33150,6680328,,,,Yakama Nation,Active,Permit,CC,07/20/2015,Fish Propagation,,1600.0000,GPM,658.0000,,48,CRO,Okanogan,T36.0N/R19.0E/26,NW,NW,2,Well,2,Groundwater
G4-33180,6799668,,,,Grant Cnty PUD 2 *,Inactive,Short Term Use Permit,Expired,08/30/2016,"Other,Fish Propagation",,2000.0000,GPM,240.3000,,48,CRO,Okanogan,T33.0N/R22.0E/21,NW,SE,1,Well,1,Groundwater
G4-33183,6799785,,,,Ste Michelle Wine Estates (Woodinville),Active,New Application,AppAccepted,10/25/2016,"Commercial and Industrial,Domestic Single",,105.0000,GPM,32.0000,,31,CRO,Benton,T05.0N/R24.0E/35,SW,SW,1,Well,1,Groundwater
G4-33185,6800187,,,,Klickitat Cnty PUD 1 *,Inactive,New Application,Withdrawn,03/13/2017,Municipal,,385.0000,GPM,160.0000,,30,CRO,Klickitat,T02.0N/R15.0E/16,SE,NW,1,Well,1,Groundwater
G4-33188,6800430,,,,Grant Cnty PUD 2 *,Active,Report of Examination,ROE-ROD,05/22/2017,"Other,Fish Propagation,Fish Propagation",,2000.0000,GPM,2251.3000,,48,CRO,Okanogan,T33.0N/R22.0E/21,NW,SE,1,Well,1,Groundwater
G4-33209,6801435,,,,Columbia River Investors LLC,Active,New Application,AppAccepted,04/27/2018,"Municipal,Irrigation",,1350.0000,GPM,600.0000,150.0000,41,CRO,Douglas,T20.0N/R22.0E/09,SW,NE,9,Well,9,Groundwater
G4-33213,6801626,,,,Barkley Irrigating Company,Active,Permit,PA Notice,09/07/2018,Irrigation,,1600.0000,GPM,749.6000,187.4000,48,CRO,Okanogan,T34.0N/R21.0E/24,,,4,Well,4,Groundwater
